"DrawNumber","DrawYear","ShortDrawNumber","DrawDate","Number1","Number2","Number3","Number4","Number5","Number6","SpecialNumber"
"2012001","2012","001","2012-01-03","5","12","31","34","37","45","10"
"2012002","2012","002","2012-01-05","9","11","33","43","46","48","2"
"2012003","2012","003","2012-01-07","3","7","10","31","32","35","30"
"2012004","2012","004","2012-01-10","3","20","26","31","32","35","12"
"2012005","2012","005","2012-01-12","15","27","32","36","44","48","47"
"2012006","2012","006","2012-01-14","10","13","20","24","29","36","14"
"2012007","2012","007","2012-01-17","16","23","24","35","36","44","1"
"2012008","2012","008","2012-01-19","1","2","14","18","25","39","31"
"2012009","2012","009","2012-01-22","10","14","18","20","34","47","41"
"2012010","2012","010","2012-01-26","3","10","11","17","29","34","15"
"2012011","2012","011","2012-01-31","22","27","28","29","42","46","49"
"2012012","2012","012","2012-02-02","14","20","21","38","45","46","47"
"2012013","2012","013","2012-02-04","6","12","16","20","27","38","7"
"2012014","2012","014","2012-02-07","11","16","30","34","41","45","47"
"2012015","2012","015","2012-02-09","3","12","20","33","34","41","43"
"2012016","2012","016","2012-02-12","7","9","33","34","39","41","48"
"2012017","2012","017","2012-02-14","10","14","21","37","39","49","25"
"2012018","2012","018","2012-02-16","4","12","18","25","42","44","8"
"2012019","2012","019","2012-02-18","5","12","16","17","41","46","15"
"2012020","2012","020","2012-02-21","1","11","12","15","35","49","17"
"2012021","2012","021","2012-02-23","1","5","15","22","43","47","37"
"2012022","2012","022","2012-02-25","12","14","24","26","27","49","22"
"2012023","2012","023","2012-02-28","8","9","24","28","37","49","47"
"2012024","2012","024","2012-03-01","25","30","31","34","40","47","13"
"2012025","2012","025","2012-03-03","1","3","4","8","21","28","5"
"2012026","2012","026","2012-03-06","3","7","28","31","33","36","32"
"2012027","2012","027","2012-03-08","3","5","9","17","35","36","43"
"2012028","2012","028","2012-03-11","10","23","33","39","42","48","34"
"2012029","2012","029","2012-03-13","7","8","26","43","47","48","12"
"2012030","2012","030","2012-03-15","4","28","31","34","48","49","6"
"2012031","2012","031","2012-03-17","4","6","13","18","23","45","15"
"2012032","2012","032","2012-03-20","11","13","18","29","44","46","37"
"2012033","2012","033","2012-03-22","2","35","38","47","48","49","41"
"2012034","2012","034","2012-03-24","3","23","32","35","43","49","34"
"2012035","2012","035","2012-03-27","2","7","17","25","30","43","38"
"2012036","2012","036","2012-03-29","10","16","21","28","29","31","8"
"2012037","2012","037","2012-03-31","11","19","30","33","37","44","18"
"2012038","2012","038","2012-04-03","20","21","28","44","46","47","42"
"2012039","2012","039","2012-04-05","13","15","17","18","41","45","14"
"2012040","2012","040","2012-04-07","3","14","22","24","34","49","44"
"2012041","2012","041","2012-04-10","4","11","16","26","42","47","6"
"2012042","2012","042","2012-04-12","2","11","16","17","25","28","41"
"2012043","2012","043","2012-04-14","3","15","19","20","32","40","25"
"2012044","2012","044","2012-04-17","6","7","17","19","35","46","4"
"2012045","2012","045","2012-04-19","5","12","13","20","37","41","23"
"2012046","2012","046","2012-04-22","1","3","11","21","41","42","2"
"2012047","2012","047","2012-04-24","1","17","28","29","31","34","45"
"2012048","2012","048","2012-04-26","7","10","11","17","22","30","14"
"2012049","2012","049","2012-04-28","11","17","19","20","29","32","38"
"2012050","2012","050","2012-05-01","5","17","19","26","32","33","22"
"2012051","2012","051","2012-05-03","2","20","28","46","47","49","3"
"2012052","2012","052","2012-05-05","4","11","17","29","39","49","8"
"2012053","2012","053","2012-05-08","4","9","10","17","33","34","35"
"2012054","2012","054","2012-05-10","13","17","23","32","34","46","41"
"2012055","2012","055","2012-05-13","16","21","30","34","39","45","4"
"2012056","2012","056","2012-05-15","5","14","16","22","23","33","32"
"2012057","2012","057","2012-05-17","1","10","15","21","27","37","40"
"2012058","2012","058","2012-05-20","3","17","23","26","41","47","33"
"2012059","2012","059","2012-05-22","1","8","22","26","32","37","41"
"2012060","2012","060","2012-05-24","2","5","8","29","40","47","34"
"2012061","2012","061","2012-05-26","9","10","20","22","38","49","7"
"2012062","2012","062","2012-05-29","8","18","20","22","31","37","46"
"2012063","2012","063","2012-05-31","4","9","24","31","39","47","38"
"2012064","2012","064","2012-06-02","9","14","19","20","43","47","37"
"2012065","2012","065","2012-06-05","10","21","26","34","35","43","37"
"2012066","2012","066","2012-06-07","4","17","20","29","39","48","9"
"2012067","2012","067","2012-06-10","8","15","18","37","39","44","6"
"2012068","2012","068","2012-06-12","7","14","16","25","30","36","32"
"2012069","2012","069","2012-06-16","2","4","6","7","13","29","9"
"2012070","2012","070","2012-06-19","10","13","26","40","42","48","24"
"2012071","2012","071","2012-06-21","2","5","8","13","17","35","28"
"2012072","2012","072","2012-06-23","9","14","17","34","40","48","39"
"2012073","2012","073","2012-06-26","6","19","26","28","37","49","47"
"2012074","2012","074","2012-06-28","3","6","14","19","27","36","24"
"2012075","2012","075","2012-06-30","10","13","28","32","37","41","1"
"2012076","2012","076","2012-07-03","6","10","12","14","31","38","20"
"2012077","2012","077","2012-07-05","2","3","11","24","26","27","44"
"2012078","2012","078","2012-07-07","1","4","5","22","44","46","37"
"2012079","2012","079","2012-07-10","4","7","13","28","36","49","3"
"2012080","2012","080","2012-07-12","2","13","33","39","40","44","43"
"2012081","2012","081","2012-07-14","2","6","16","24","41","46","27"
"2012082","2012","082","2012-07-17","8","11","17","24","30","49","3"
"2012083","2012","083","2012-07-19","9","20","30","34","35","46","29"
"2012084","2012","084","2012-07-21","7","19","23","30","34","45","13"
"2012085","2012","085","2012-07-24","10","11","15","22","23","45","31"
"2012086","2012","086","2012-07-26","9","11","13","22","24","44","32"
"2012087","2012","087","2012-07-28","18","25","38","40","44","45","5"
"2012088","2012","088","2012-07-31","2","10","16","23","35","47","1"
"2012089","2012","089","2012-08-02","9","11","12","22","28","49","7"
"2012090","2012","090","2012-08-04","8","15","20","41","42","49","12"
"2012091","2012","091","2012-08-07","2","9","13","40","44","46","10"
"2012092","2012","092","2012-08-09","10","13","20","22","42","46","48"
"2012093","2012","093","2012-08-11","5","11","12","31","41","42","16"
"2012094","2012","094","2012-08-14","2","13","16","34","37","47","28"
"2012095","2012","095","2012-08-16","5","6","13","19","23","34","8"
"2012096","2012","096","2012-08-18","7","10","22","32","34","48","45"
"2012097","2012","097","2012-08-21","1","7","12","17","36","38","48"
"2012098","2012","098","2012-08-23","13","15","25","28","45","47","5"
"2012099","2012","099","2012-08-25","3","7","21","22","38","47","27"
"2012100","2012","100","2012-08-28","7","17","24","29","47","49","45"
"2012101","2012","101","2012-08-30","7","11","15","21","26","34","38"
"2012102","2012","102","2012-09-01","9","12","15","19","21","47","38"
"2012103","2012","103","2012-09-04","20","24","34","36","43","45","3"
"2012104","2012","104","2012-09-06","6","13","33","38","41","43","29"
"2012105","2012","105","2012-09-09","4","7","12","15","27","34","37"
"2012106","2012","106","2012-09-11","4","11","25","27","39","41","43"
"2012107","2012","107","2012-09-13","16","20","22","31","42","48","43"
"2012108","2012","108","2012-09-15","6","7","18","21","27","48","42"
"2012109","2012","109","2012-09-18","15","26","27","38","42","43","39"
"2012110","2012","110","2012-09-22","2","13","33","35","38","49","40"
"2012111","2012","111","2012-09-25","1","4","17","20","28","32","47"
"2012112","2012","112","2012-09-27","1","3","10","15","17","40","28"
"2012113","2012","113","2012-09-29","2","8","16","17","20","26","32"
"2012114","2012","114","2012-10-02","12","24","25","33","37","44","13"
"2012115","2012","115","2012-10-07","1","10","12","13","29","47","9"
"2012116","2012","116","2012-10-09","15","17","21","22","27","36","16"
"2012117","2012","117","2012-10-11","1","3","11","18","40","46","35"
"2012118","2012","118","2012-10-13","5","6","11","26","33","41","4"
"2012119","2012","119","2012-10-16","9","17","27","35","39","44","40"
"2012120","2012","120","2012-10-18","4","6","10","14","16","29","26"
"2012121","2012","121","2012-10-20","4","19","31","34","37","44","6"
"2012122","2012","122","2012-10-23","11","28","29","41","45","47","21"
"2012123","2012","123","2012-10-25","8","17","23","40","41","43","28"
"2012124","2012","124","2012-10-27","26","28","30","34","36","39","1"
"2012125","2012","125","2012-10-30","1","20","28","30","34","40","19"
"2012126","2012","126","2012-11-01","15","18","24","28","34","42","2"
"2012127","2012","127","2012-11-03","1","12","33","36","46","48","41"
"2012128","2012","128","2012-11-06","1","6","8","28","37","39","42"
"2012129","2012","129","2012-11-08","15","26","31","37","44","47","43"
"2012130","2012","130","2012-11-11","9","26","28","35","45","47","25"
"2012131","2012","131","2012-11-13","3","5","25","26","29","30","31"
"2012132","2012","132","2012-11-15","18","20","36","41","46","48","21"
"2012133","2012","133","2012-11-17","7","12","24","39","43","48","30"
"2012134","2012","134","2012-11-20","2","11","20","37","45","47","13"
"2012135","2012","135","2012-11-22","9","22","26","30","44","49","31"
"2012136","2012","136","2012-11-24","2","3","4","15","23","40","13"
"2012137","2012","137","2012-11-27","8","20","21","24","34","47","10"
"2012138","2012","138","2012-11-29","13","17","26","28","32","34","6"
"2012139","2012","139","2012-12-01","10","16","17","27","36","38","47"
"2012140","2012","140","2012-12-04","7","10","11","18","37","47","4"
"2012141","2012","141","2012-12-06","1","6","38","41","43","45","48"
"2012142","2012","142","2012-12-08","15","22","30","33","34","47","38"
"2012143","2012","143","2012-12-11","2","15","28","41","42","49","24"
"2012144","2012","144","2012-12-13","6","9","29","31","42","47","14"
"2012145","2012","145","2012-12-15","18","21","28","33","41","47","48"
"2012146","2012","146","2012-12-18","8","14","21","41","45","48","34"
"2012147","2012","147","2012-12-20","4","12","25","34","36","40","49"
"2012148","2012","148","2012-12-23","9","27","28","32","34","43","2"
"2012149","2012","149","2012-12-25","12","18","23","24","46","49","14"
"2012150","2012","150","2012-12-27","4","7","29","39","44","47","23"
"2012151","2012","151","2012-12-29","1","6","9","11","33","39","40"
"2012152","2012","152","2012-12-31","5","6","25","30","32","48","45"
"2013001","2013","001","2013-01-03","17","25","32","33","46","48","39"
"2013002","2013","002","2013-01-08","14","19","20","21","29","49","7"
"2013003","2013","003","2013-01-10","2","9","24","34","41","45","48"
"2013004","2013","004","2013-01-13","3","6","19","21","31","49","7"
"2013005","2013","005","2013-01-15","3","4","7","24","27","31","13"
"2013006","2013","006","2013-01-17","2","8","14","25","43","44","11"
"2013007","2013","007","2013-01-19","3","12","19","21","31","48","26"
"2013008","2013","008","2013-01-22","2","4","20","22","30","37","1"
"2013009","2013","009","2013-01-24","1","2","3","9","20","49","24"
"2013010","2013","010","2013-01-26","2","29","41","42","45","48","5"
"2013011","2013","011","2013-01-29","8","20","26","36","44","47","28"
"2013012","2013","012","2013-01-31","16","22","27","35","38","46","32"
"2013013","2013","013","2013-02-03","2","17","23","39","47","48","22"
"2013014","2013","014","2013-02-05","5","19","31","32","34","45","13"
"2013015","2013","015","2013-02-07","3","8","12","18","22","33","37"
"2013016","2013","016","2013-02-09","4","8","10","35","46","47","32"
"2013017","2013","017","2013-02-14","11","16","24","27","36","48","47"
"2013018","2013","018","2013-02-16","3","12","30","35","37","38","18"
"2013019","2013","019","2013-02-19","5","18","19","32","40","44","34"
"2013020","2013","020","2013-02-21","11","14","21","22","32","49","7"
"2013021","2013","021","2013-02-23","12","19","23","30","35","36","15"
"2013022","2013","022","2013-02-26","1","4","15","16","18","36","21"
"2013023","2013","023","2013-02-28","10","11","23","26","28","30","17"
"2013024","2013","024","2013-03-03","7","8","26","31","35","39","37"
"2013025","2013","025","2013-03-05","4","6","8","35","36","43","5"
"2013026","2013","026","2013-03-07","8","9","24","35","39","41","2"
"2013027","2013","027","2013-03-09","9","18","24","34","40","43","28"
"2013028","2013","028","2013-03-12","13","15","17","30","38","45","4"
"2013029","2013","029","2013-03-14","3","4","15","16","17","46","12"
"2013030","2013","030","2013-03-16","6","9","31","41","45","47","18"
"2013031","2013","031","2013-03-19","3","12","15","28","29","34","8"
"2013032","2013","032","2013-03-21","1","4","13","22","39","42","34"
"2013033","2013","033","2013-03-23","6","9","17","25","33","42","27"
"2013034","2013","034","2013-03-26","10","15","26","35","40","44","11"
"2013035","2013","035","2013-03-28","12","17","31","38","44","45","43"
"2013036","2013","036","2013-03-30","4","6","19","25","34","43","17"
"2013037","2013","037","2013-04-02","2","4","9","31","33","46","5"
"2013038","2013","038","2013-04-04","2","7","11","15","17","27","4"
"2013039","2013","039","2013-04-06","10","12","16","29","41","48","25"
"2013040","2013","040","2013-04-09","2","3","25","28","35","43","39"
"2013041","2013","041","2013-04-11","11","18","20","24","29","49","2"
"2013042","2013","042","2013-04-13","8","16","29","40","46","47","18"
"2013043","2013","043","2013-04-16","11","15","21","27","38","43","48"
"2013044","2013","044","2013-04-18","4","5","14","17","22","39","9"
"2013045","2013","045","2013-04-21","9","10","15","33","40","49","48"
"2013046","2013","046","2013-04-23","7","20","23","29","35","41","6"
"2013047","2013","047","2013-04-25","14","15","17","22","38","48","19"
"2013048","2013","048","2013-04-27","4","7","16","23","26","28","9"
"2013049","2013","049","2013-04-30","4","18","24","30","31","49","36"
"2013050","2013","050","2013-05-02","1","5","28","31","44","46","14"
"2013051","2013","051","2013-05-04","1","10","29","40","44","49","33"
"2013052","2013","052","2013-05-07","5","9","14","24","29","37","36"
"2013053","2013","053","2013-05-09","12","14","15","16","22","34","13"
"2013054","2013","054","2013-05-12","1","6","11","16","20","25","22"
"2013055","2013","055","2013-05-14","2","11","16","19","44","47","27"
"2013056","2013","056","2013-05-16","7","18","27","32","42","48","17"
"2013057","2013","057","2013-05-19","4","14","24","30","43","48","34"
"2013058","2013","058","2013-05-21","11","12","16","18","23","31","36"
"2013059","2013","059","2013-05-23","12","24","27","45","47","49","6"
"2013060","2013","060","2013-05-25","3","8","10","25","26","40","38"
"2013061","2013","061","2013-05-28","1","4","5","6","9","25","27"
"2013062","2013","062","2013-05-30","15","17","22","27","36","46","23"
"2013063","2013","063","2013-06-01","1","23","27","36","45","49","7"
"2013064","2013","064","2013-06-04","9","17","26","36","40","48","2"
"2013065","2013","065","2013-06-06","10","16","20","28","32","48","30"
"2013066","2013","066","2013-06-09","15","18","22","24","42","44","28"
"2013067","2013","067","2013-06-11","1","14","21","35","39","40","5"
"2013068","2013","068","2013-06-13","3","11","26","32","35","43","1"
"2013069","2013","069","2013-06-15","9","14","27","29","42","45","44"
"2013070","2013","070","2013-06-18","9","22","23","31","45","47","39"
"2013071","2013","071","2013-06-20","11","14","16","29","31","46","30"
"2013072","2013","072","2013-06-22","23","25","34","40","42","46","39"
"2013073","2013","073","2013-06-25","17","20","29","35","38","40","22"
"2013074","2013","074","2013-06-27","16","34","37","42","47","48","17"
"2013075","2013","075","2013-06-29","1","3","4","26","34","37","14"
"2013076","2013","076","2013-07-02","7","19","28","33","43","45","13"
"2013077","2013","077","2013-07-06","6","9","27","29","43","47","17"
"2013078","2013","078","2013-07-09","1","4","15","38","40","46","49"
"2013079","2013","079","2013-07-11","14","26","28","38","39","45","8"
"2013080","2013","080","2013-07-13","7","14","18","23","32","46","42"
"2013081","2013","081","2013-07-16","3","18","19","20","37","47","25"
"2013082","2013","082","2013-07-18","14","18","28","32","36","46","44"
"2013083","2013","083","2013-07-21","3","17","20","26","33","47","34"
"2013084","2013","084","2013-07-23","6","8","17","22","28","32","20"
"2013085","2013","085","2013-07-25","20","23","27","32","34","49","30"
"2013086","2013","086","2013-07-27","1","3","7","22","28","36","21"
"2013087","2013","087","2013-07-30","8","12","31","33","42","44","49"
"2013088","2013","088","2013-08-01","6","8","10","19","20","22","42"
"2013089","2013","089","2013-08-03","5","6","12","23","38","39","48"
"2013090","2013","090","2013-08-06","4","11","15","19","32","44","42"
"2013091","2013","091","2013-08-08","13","15","23","25","26","29","9"
"2013092","2013","092","2013-08-10","3","10","20","30","41","44","31"
"2013093","2013","093","2013-08-13","1","6","31","41","42","49","44"
"2013094","2013","094","2013-08-15","10","16","22","26","31","42","23"
"2013095","2013","095","2013-08-17","9","14","30","31","32","49","1"
"2013096","2013","096","2013-08-20","13","14","15","31","46","48","36"
"2013097","2013","097","2013-08-22","1","16","25","33","41","49","46"
"2013098","2013","098","2013-08-24","3","6","10","14","15","20","33"
"2013099","2013","099","2013-08-27","9","14","29","30","32","36","20"
"2013100","2013","100","2013-08-29","24","25","28","35","38","47","16"
"2013101","2013","101","2013-08-31","3","6","17","18","42","43","36"
"2013102","2013","102","2013-09-03","21","25","26","33","35","39","17"
"2013103","2013","103","2013-09-05","1","7","22","28","29","49","37"
"2013104","2013","104","2013-09-07","7","10","17","18","28","30","6"
"2013105","2013","105","2013-09-10","8","12","19","39","48","49","17"
"2013106","2013","106","2013-09-12","1","14","26","28","31","48","36"
"2013107","2013","107","2013-09-14","6","21","29","39","40","47","33"
"2013108","2013","108","2013-09-16","17","22","31","39","45","47","49"
"2013109","2013","109","2013-09-19","3","15","18","26","45","49","41"
"2013110","2013","110","2013-09-21","22","25","35","36","39","47","31"
"2013111","2013","111","2013-09-24","13","25","26","29","30","39","19"
"2013112","2013","112","2013-09-26","3","6","7","9","11","28","34"
"2013113","2013","113","2013-09-28","33","39","40","43","48","49","34"
"2013114","2013","114","2013-09-30","1","11","29","40","43","44","4"
"2013115","2013","115","2013-10-03","14","17","26","32","35","41","15"
"2013116","2013","116","2013-10-05","4","6","9","29","31","36","20"
"2013117","2013","117","2013-10-08","1","3","6","7","15","27","30"
"2013118","2013","118","2013-10-10","8","9","11","16","17","38","20"
"2013119","2013","119","2013-10-13","24","28","35","37","42","48","38"
"2013120","2013","120","2013-10-15","4","20","27","33","41","46","12"
"2013121","2013","121","2013-10-17","1","11","24","35","44","45","49"
"2013122","2013","122","2013-10-19","1","10","31","41","44","47","18"
"2013123","2013","123","2013-10-22","5","9","34","36","41","49","26"
"2013124","2013","124","2013-10-24","9","10","22","24","43","44","30"
"2013125","2013","125","2013-10-26","6","15","30","38","47","48","40"
"2013126","2013","126","2013-10-29","1","20","22","25","34","47","17"
"2013127","2013","127","2013-10-31","2","9","29","43","46","47","21"
"2013128","2013","128","2013-11-02","8","18","19","29","31","34","36"
"2013129","2013","129","2013-11-05","4","22","25","37","38","42","20"
"2013130","2013","130","2013-11-07","4","9","14","26","30","42","21"
"2013131","2013","131","2013-11-10","13","31","32","35","39","42","16"
"2013132","2013","132","2013-11-12","18","19","21","28","47","49","46"
"2013133","2013","133","2013-11-14","3","8","10","25","29","34","32"
"2013134","2013","134","2013-11-16","1","8","17","32","39","43","48"
"2013135","2013","135","2013-11-19","12","27","35","44","47","49","36"
"2013136","2013","136","2013-11-21","3","6","8","23","25","49","4"
"2013137","2013","137","2013-11-23","3","18","20","21","30","41","13"
"2013138","2013","138","2013-11-26","9","10","12","31","34","44","18"
"2013139","2013","139","2013-11-28","3","6","21","33","34","43","9"
"2013140","2013","140","2013-11-30","2","15","19","34","42","45","14"
"2013141","2013","141","2013-12-03","1","17","24","29","39","40","21"
"2013142","2013","142","2013-12-05","1","16","17","19","26","46","29"
"2013143","2013","143","2013-12-07","5","18","24","26","41","44","20"
"2013144","2013","144","2013-12-10","1","8","17","30","36","46","16"
"2013145","2013","145","2013-12-12","10","19","24","28","31","34","27"
"2013146","2013","146","2013-12-14","6","14","15","38","46","49","29"
"2013147","2013","147","2013-12-17","1","8","15","19","20","33","47"
"2013148","2013","148","2013-12-19","4","14","31","39","43","47","27"
"2013149","2013","149","2013-12-22","12","13","18","41","43","49","39"
"2013150","2013","150","2013-12-25","4","21","25","45","47","49","6"
"2013151","2013","151","2013-12-28","4","9","20","32","42","43","5"
"2013152","2013","152","2013-12-31","7","9","12","40","42","44","14"
"2014001","2014","001","2014-01-02","1","36","38","43","46","49","21"
"2014002","2014","002","2014-01-04","6","16","31","32","44","49","43"
"2014003","2014","003","2014-01-07","9","16","30","31","38","41","46"
"2014004","2014","004","2014-01-09","4","15","16","28","39","45","25"
"2014005","2014","005","2014-01-12","3","16","36","39","42","44","17"
"2014006","2014","006","2014-01-14","9","11","27","31","33","34","21"
"2014007","2014","007","2014-01-16","9","15","16","17","18","37","33"
"2014008","2014","008","2014-01-18","3","17","18","26","28","44","38"
"2014009","2014","009","2014-01-21","8","20","23","34","37","49","44"
"2014010","2014","010","2014-01-23","4","5","18","21","27","31","7"
"2014011","2014","011","2014-01-25","5","20","37","38","43","48","6"
"2014012","2014","012","2014-01-28","4","20","27","30","31","37","18"
"2014013","2014","013","2014-01-30","2","3","4","16","26","36","45"
"2014014","2014","014","2014-02-04","11","13","15","39","48","49","37"
"2014015","2014","015","2014-02-06","26","27","32","33","37","45","39"
"2014016","2014","016","2014-02-09","20","21","35","37","47","48","14"
"2014017","2014","017","2014-02-11","7","10","24","25","27","29","19"
"2014018","2014","018","2014-02-13","19","23","25","40","46","49","30"
"2014019","2014","019","2014-02-15","2","14","30","32","36","45","11"
"2014020","2014","020","2014-02-18","15","21","23","25","34","45","35"
"2014021","2014","021","2014-02-20","3","5","24","26","31","40","45"
"2014022","2014","022","2014-02-22","2","23","24","29","33","35","14"
"2014023","2014","023","2014-02-25","8","26","39","40","41","43","5"
"2014024","2014","024","2014-02-27","5","9","15","24","28","35","44"
"2014025","2014","025","2014-03-02","11","16","19","21","38","46","34"
"2014026","2014","026","2014-03-04","3","13","16","19","27","33","22"
"2014027","2014","027","2014-03-06","6","10","20","27","39","46","38"
"2014028","2014","028","2014-03-08","2","3","16","17","24","32","40"
"2014029","2014","029","2014-03-11","4","6","15","28","30","33","27"
"2014030","2014","030","2014-03-13","7","10","17","19","20","22","30"
"2014031","2014","031","2014-03-15","2","15","21","24","29","46","27"
"2014032","2014","032","2014-03-18","2","17","23","35","42","48","27"
"2014033","2014","033","2014-03-20","1","9","18","25","37","48","14"
"2014034","2014","034","2014-03-22","11","20","21","26","34","49","4"
"2014035","2014","035","2014-03-25","22","28","35","36","44","45","6"
"2014036","2014","036","2014-03-27","7","23","35","42","45","49","36"
"2014037","2014","037","2014-03-29","2","10","12","18","24","33","11"
"2014038","2014","038","2014-04-01","22","33","36","43","48","49","25"
"2014039","2014","039","2014-04-03","4","9","25","26","27","28","3"
"2014040","2014","040","2014-04-05","10","19","38","39","44","45","31"
"2014041","2014","041","2014-04-08","11","24","31","45","46","47","6"
"2014042","2014","042","2014-04-10","4","18","21","31","42","49","25"
"2014043","2014","043","2014-04-12","6","18","20","28","43","45","13"
"2014044","2014","044","2014-04-15","6","14","16","28","41","45","27"
"2014045","2014","045","2014-04-17","12","14","17","23","24","45","42"
"2014046","2014","046","2014-04-19","20","21","32","35","46","47","3"
"2014047","2014","047","2014-04-22","1","3","12","29","36","41","14"
"2014048","2014","048","2014-04-24","1","17","28","32","39","40","16"
"2014049","2014","049","2014-04-26","9","12","22","27","36","47","46"
"2014050","2014","050","2014-04-29","2","8","15","26","37","45","14"
"2014051","2014","051","2014-05-01","1","14","28","29","37","43","30"
"2014052","2014","052","2014-05-03","2","6","13","16","30","36","25"
"2014053","2014","053","2014-05-06","10","23","33","36","39","44","30"
"2014054","2014","054","2014-05-08","2","10","12","30","37","39","48"
"2014055","2014","055","2014-05-11","11","16","26","38","45","49","5"
"2014056","2014","056","2014-05-13","9","20","22","32","35","41","8"
"2014057","2014","057","2014-05-15","9","12","16","24","34","35","7"
"2014058","2014","058","2014-05-18","9","12","21","27","37","45","7"
"2014059","2014","059","2014-05-20","10","16","33","34","44","47","6"
"2014060","2014","060","2014-05-22","9","17","28","31","35","37","19"
"2014061","2014","061","2014-05-24","2","4","14","30","39","41","49"
"2014062","2014","062","2014-05-27","3","10","16","30","34","44","1"
"2014063","2014","063","2014-05-29","4","14","19","24","26","48","35"
"2014064","2014","064","2014-05-31","2","10","28","32","37","47","31"
"2014065","2014","065","2014-06-02","3","13","19","20","36","39","15"
"2014066","2014","066","2014-06-04","10","11","25","33","40","46","6"
"2014067","2014","067","2014-06-07","4","8","13","19","44","48","27"
"2014068","2014","068","2014-06-10","1","30","32","35","37","44","40"
"2014069","2014","069","2014-06-12","3","18","21","41","44","45","15"
"2014070","2014","070","2014-06-17","3","4","15","16","23","45","21"
"2014071","2014","071","2014-06-19","3","17","24","30","31","44","7"
"2014072","2014","072","2014-06-21","2","17","37","40","45","49","48"
"2014073","2014","073","2014-06-24","18","24","25","30","31","35","36"
"2014074","2014","074","2014-06-26","2","20","40","42","47","48","28"
"2014075","2014","075","2014-06-29","15","23","26","38","46","47","21"
"2014076","2014","076","2014-07-03","14","17","34","37","43","48","20"
"2014077","2014","077","2014-07-05","10","14","32","36","37","38","47"
"2014078","2014","078","2014-07-08","4","16","22","27","38","39","36"
"2014079","2014","079","2014-07-10","1","2","9","17","22","25","8"
"2014080","2014","080","2014-07-12","3","11","13","23","40","49","43"
"2014081","2014","081","2014-07-15","2","5","9","32","41","42","44"
"2014082","2014","082","2014-07-17","1","20","28","30","42","43","10"
"2014083","2014","083","2014-07-19","1","9","30","40","41","48","49"
"2014084","2014","084","2014-07-22","1","3","14","16","24","41","13"
"2014085","2014","085","2014-07-24","4","5","21","31","36","38","14"
"2014086","2014","086","2014-07-26","1","4","15","17","36","42","40"
"2014087","2014","087","2014-07-29","11","13","15","31","37","47","19"
"2014088","2014","088","2014-07-31","12","22","27","35","44","48","38"
"2014089","2014","089","2014-08-02","3","22","23","26","42","48","28"
"2014090","2014","090","2014-08-05","5","7","8","18","24","29","14"
"2014091","2014","091","2014-08-07","5","14","31","32","36","46","11"
"2014092","2014","092","2014-08-09","1","9","15","31","33","41","37"
"2014093","2014","093","2014-08-12","7","9","27","31","36","39","32"
"2014094","2014","094","2014-08-14","4","8","14","23","48","49","11"
"2014095","2014","095","2014-08-16","23","26","27","37","42","46","15"
"2014096","2014","096","2014-08-19","2","5","27","32","42","46","16"
"2014097","2014","097","2014-08-21","10","14","26","29","30","31","18"
"2014098","2014","098","2014-08-23","4","12","14","24","32","38","13"
"2014099","2014","099","2014-08-26","25","29","32","33","37","44","47"
"2014100","2014","100","2014-08-28","11","17","24","27","31","38","49"
"2014101","2014","101","2014-08-30","15","18","24","27","39","49","6"
"2014102","2014","102","2014-09-02","26","28","37","43","45","47","25"
"2014103","2014","103","2014-09-04","11","14","34","36","43","46","1"
"2014104","2014","104","2014-09-09","7","25","27","36","39","42","31"
"2014105","2014","105","2014-09-13","3","12","40","43","48","49","32"
"2014106","2014","106","2014-09-16","4","15","17","22","34","43","35"
"2014107","2014","107","2014-09-18","6","16","20","25","27","45","29"
"2014108","2014","108","2014-09-20","3","16","32","38","40","48","27"
"2014109","2014","109","2014-09-23","12","13","20","28","41","43","23"
"2014110","2014","110","2014-09-25","3","19","42","44","48","49","38"
"2014111","2014","111","2014-09-28","6","10","12","26","28","35","24"
"2014112","2014","112","2014-09-30","10","16","20","39","45","46","47"
"2014113","2014","113","2014-10-02","4","10","24","29","33","35","7"
"2014114","2014","114","2014-10-04","5","14","22","24","27","45","8"
"2014115","2014","115","2014-10-07","12","13","26","33","42","49","48"
"2014116","2014","116","2014-10-09","2","12","14","23","40","46","39"
"2014117","2014","117","2014-10-11","26","29","34","35","37","47","8"
"2014118","2014","118","2014-10-14","1","5","8","17","20","37","33"
"2014119","2014","119","2014-10-16","4","9","34","39","48","49","18"
"2014120","2014","120","2014-10-18","12","19","22","36","40","47","25"
"2014121","2014","121","2014-10-21","6","9","17","18","29","34","42"
"2014122","2014","122","2014-10-23","11","14","28","29","37","41","19"
"2014123","2014","123","2014-10-25","1","13","39","40","41","43","18"
"2014124","2014","124","2014-10-28","16","26","30","37","43","47","31"
"2014125","2014","125","2014-10-30","3","19","29","36","47","49","33"
"2014126","2014","126","2014-11-01","9","10","11","20","26","44","31"
"2014127","2014","127","2014-11-04","16","23","29","30","37","38","33"
"2014128","2014","128","2014-11-06","4","10","12","14","29","48","3"
"2014129","2014","129","2014-11-08","7","8","15","32","34","39","43"
"2014130","2014","130","2014-11-11","3","5","9","19","48","49","26"
"2014131","2014","131","2014-11-13","21","36","41","42","46","49","6"
"2014132","2014","132","2014-11-16","7","15","32","33","34","43","10"
"2014133","2014","133","2014-11-18","2","6","17","24","37","49","46"
"2014134","2014","134","2014-11-20","8","16","19","33","35","46","12"
"2014135","2014","135","2014-11-22","2","12","17","27","32","33","44"
"2014136","2014","136","2014-11-25","6","35","41","42","44","47","19"
"2014137","2014","137","2014-11-27","2","20","22","30","40","45","44"
"2014138","2014","138","2014-11-29","7","26","29","32","33","37","31"
"2014139","2014","139","2014-12-02","1","4","13","27","47","49","33"
"2014140","2014","140","2014-12-04","1","8","20","27","33","36","35"
"2014141","2014","141","2014-12-06","17","18","21","25","40","48","16"
"2014142","2014","142","2014-12-09","3","4","13","29","31","41","46"
"2014143","2014","143","2014-12-11","1","7","13","32","35","39","31"
"2014144","2014","144","2014-12-13","12","14","17","20","40","48","19"
"2014145","2014","145","2014-12-16","1","7","14","31","34","42","16"
"2014146","2014","146","2014-12-18","6","8","10","21","25","29","33"
"2014147","2014","147","2014-12-21","2","25","30","36","37","43","22"
"2014148","2014","148","2014-12-23","1","4","12","14","35","47","33"
"2014149","2014","149","2014-12-25","12","19","24","43","46","47","30"
"2014150","2014","150","2014-12-27","14","15","28","31","32","48","40"
"2014151","2014","151","2014-12-29","1","25","30","33","39","40","7"
"2014152","2014","152","2014-12-31","10","19","25","32","33","37","27"
"2015001","2015","001","2015-01-03","8","15","31","35","42","44","39"
"2015002","2015","002","2015-01-06","3","14","16","18","38","49","29"
"2015003","2015","003","2015-01-08","8","18","19","28","37","44","13"
"2015004","2015","004","2015-01-11","10","21","24","33","40","47","5"
"2015005","2015","005","2015-01-13","16","21","27","37","40","43","14"
"2015006","2015","006","2015-01-15","1","2","14","37","43","49","24"
"2015007","2015","007","2015-01-17","14","15","16","25","27","30","11"
"2015008","2015","008","2015-01-20","5","7","9","13","15","29","47"
"2015009","2015","009","2015-01-22","8","16","21","30","42","46","32"
"2015010","2015","010","2015-01-24","17","18","20","26","31","32","6"
"2015011","2015","011","2015-01-27","4","5","10","13","28","35","12"
"2015012","2015","012","2015-01-29","6","15","25","29","32","46","9"
"2015013","2015","013","2015-01-31","5","7","14","17","46","47","27"
"2015014","2015","014","2015-02-03","11","34","36","43","47","49","21"
"2015015","2015","015","2015-02-05","13","16","17","18","22","45","10"
"2015016","2015","016","2015-02-08","5","7","17","18","27","48","30"
"2015017","2015","017","2015-02-10","2","17","23","30","34","41","14"
"2015018","2015","018","2015-02-12","7","9","10","14","22","31","35"
"2015019","2015","019","2015-02-14","2","10","12","21","25","35","26"
"2015020","2015","020","2015-02-17","14","22","28","33","44","46","25"
"2015021","2015","021","2015-02-22","15","20","28","29","42","46","35"
"2015022","2015","022","2015-02-24","17","18","28","32","33","48","37"
"2015023","2015","023","2015-02-26","10","12","20","22","25","33","27"
"2015024","2015","024","2015-02-28","6","9","23","25","41","43","38"
"2015025","2015","025","2015-03-03","13","17","25","27","46","49","19"
"2015026","2015","026","2015-03-05","2","6","10","20","38","40","46"
"2015027","2015","027","2015-03-07","6","8","12","16","32","49","37"
"2015028","2015","028","2015-03-10","1","18","22","27","45","48","25"
"2015029","2015","029","2015-03-12","14","17","23","24","25","37","34"
"2015030","2015","030","2015-03-14","4","21","25","29","32","37","27"
"2015031","2015","031","2015-03-17","1","5","11","23","34","47","14"
"2015032","2015","032","2015-03-19","12","15","17","30","31","43","46"
"2015033","2015","033","2015-03-22","7","26","30","33","34","38","5"
"2015034","2015","034","2015-03-24","2","5","13","37","42","44","27"
"2015035","2015","035","2015-03-26","2","6","9","16","39","49","29"
"2015036","2015","036","2015-03-28","6","11","16","29","30","37","34"
"2015037","2015","037","2015-03-31","2","5","10","27","36","46","7"
"2015038","2015","038","2015-04-02","4","12","20","37","42","47","35"
"2015039","2015","039","2015-04-04","9","12","26","29","44","45","19"
"2015040","2015","040","2015-04-06","21","24","26","42","43","46","4"
"2015041","2015","041","2015-04-09","10","11","31","34","37","38","14"
"2015042","2015","042","2015-04-11","6","17","18","19","20","42","25"
"2015043","2015","043","2015-04-14","30","31","35","40","42","48","6"
"2015044","2015","044","2015-04-16","1","3","5","20","35","39","28"
"2015045","2015","045","2015-04-18","12","17","29","31","41","47","38"
"2015046","2015","046","2015-04-21","3","13","20","24","43","48","49"
"2015047","2015","047","2015-04-23","3","4","7","8","26","36","31"
"2015048","2015","048","2015-04-25","12","19","21","24","36","49","23"
"2015049","2015","049","2015-04-28","1","8","28","31","36","45","9"
"2015050","2015","050","2015-04-30","6","8","30","34","36","42","12"
"2015051","2015","051","2015-05-02","7","10","12","16","26","49","40"
"2015052","2015","052","2015-05-05","11","13","41","42","43","49","29"
"2015053","2015","053","2015-05-07","3","7","14","21","25","29","6"
"2015054","2015","054","2015-05-10","2","13","15","38","39","44","8"
"2015055","2015","055","2015-05-12","3","7","15","25","26","47","10"
"2015056","2015","056","2015-05-14","5","17","22","34","38","48","2"
"2015057","2015","057","2015-05-17","21","32","36","37","44","46","47"
"2015058","2015","058","2015-05-19","21","27","28","33","37","48","13"
"2015059","2015","059","2015-05-21","16","18","19","36","42","47","46"
"2015060","2015","060","2015-05-23","5","10","13","43","44","45","7"
"2015061","2015","061","2015-05-26","7","10","15","37","42","45","41"
"2015062","2015","062","2015-05-28","2","7","20","23","44","47","30"
"2015063","2015","063","2015-05-30","9","16","28","36","42","45","2"
"2015064","2015","064","2015-06-02","11","12","15","21","38","42","25"
"2015065","2015","065","2015-06-04","18","24","28","31","39","49","44"
"2015066","2015","066","2015-06-06","9","11","14","22","27","49","44"
"2015067","2015","067","2015-06-09","7","12","16","17","20","25","31"
"2015068","2015","068","2015-06-11","10","13","35","38","42","44","27"
"2015069","2015","069","2015-06-13","10","12","24","25","26","33","23"
"2015070","2015","070","2015-06-16","13","16","24","26","40","44","42"
"2015071","2015","071","2015-06-18","4","11","12","24","35","46","3"
"2015072","2015","072","2015-06-20","12","16","31","34","42","48","37"
"2015073","2015","073","2015-06-23","3","10","26","33","42","46","44"
"2015074","2015","074","2015-06-25","1","5","26","28","40","49","15"
"2015075","2015","075","2015-06-28","8","9","18","33","41","43","15"
"2015076","2015","076","2015-06-30","12","14","21","27","38","43","15"
"2015077","2015","077","2015-07-02","4","11","23","32","44","48","49"
"2015078","2015","078","2015-07-04","9","24","32","34","43","47","35"
"2015079","2015","079","2015-07-07","9","19","28","29","38","40","33"
"2015080","2015","080","2015-07-11","2","5","17","22","27","28","37"
"2015081","2015","081","2015-07-14","7","8","10","13","20","38","5"
"2015082","2015","082","2015-07-16","16","18","22","23","35","38","25"
"2015083","2015","083","2015-07-18","13","20","23","24","46","47","39"
"2015084","2015","084","2015-07-21","4","14","15","19","41","42","10"
"2015085","2015","085","2015-07-23","10","33","40","43","45","49","38"
"2015086","2015","086","2015-07-26","4","11","15","26","28","30","13"
"2015087","2015","087","2015-07-28","12","25","32","33","34","35","45"
"2015088","2015","088","2015-07-30","4","5","11","17","24","48","46"
"2015089","2015","089","2015-08-01","14","20","28","31","32","47","18"
"2015090","2015","090","2015-08-04","5","9","13","15","21","23","12"
"2015091","2015","091","2015-08-06","22","23","35","40","41","42","16"
"2015092","2015","092","2015-08-08","10","12","19","25","42","46","37"
"2015093","2015","093","2015-08-11","22","26","27","28","36","47","12"
"2015094","2015","094","2015-08-13","1","4","8","21","22","24","46"
"2015095","2015","095","2015-08-15","2","6","13","25","30","33","20"
"2015096","2015","096","2015-08-18","7","17","34","41","43","49","1"
"2015097","2015","097","2015-08-20","4","5","18","23","32","44","6"
"2015098","2015","098","2015-08-22","2","26","31","32","36","37","12"
"2015099","2015","099","2015-08-25","3","15","16","39","41","42","36"
"2015100","2015","100","2015-08-27","9","13","29","30","39","45","48"
"2015101","2015","101","2015-08-29","9","22","28","32","37","39","47"
"2015102","2015","102","2015-09-01","5","6","8","10","31","36","17"
"2015103","2015","103","2015-09-03","12","16","34","36","42","45","41"
"2015104","2015","104","2015-09-05","15","16","20","26","36","40","46"
"2015105","2015","105","2015-09-08","1","4","13","22","32","41","26"
"2015106","2015","106","2015-09-10","1","11","13","23","35","36","34"
"2015107","2015","107","2015-09-12","5","13","21","25","38","40","17"
"2015108","2015","108","2015-09-15","3","5","17","22","25","27","46"
"2015109","2015","109","2015-09-17","1","4","9","17","35","41","37"
"2015110","2015","110","2015-09-22","2","11","12","25","36","43","10"
"2015111","2015","111","2015-09-24","4","10","15","16","24","28","49"
"2015112","2015","112","2015-09-26","6","15","16","18","37","43","2"
"2015113","2015","113","2015-09-30","9","10","23","28","37","46","34"
"2015114","2015","114","2015-10-03","8","10","16","30","39","40","6"
"2015115","2015","115","2015-10-06","2","7","9","22","32","46","26"
"2015116","2015","116","2015-10-08","8","17","28","34","39","40","14"
"2015117","2015","117","2015-10-11","4","21","22","35","36","46","40"
"2015118","2015","118","2015-10-13","1","4","22","30","33","34","26"
"2015119","2015","119","2015-10-15","17","18","26","30","33","34","29"
"2015120","2015","120","2015-10-17","2","12","19","33","34","48","24"
"2015121","2015","121","2015-10-19","7","11","15","38","39","46","25"
"2015122","2015","122","2015-10-21","1","14","16","25","40","48","17"
"2015123","2015","123","2015-10-24","18","27","28","34","35","45","2"
"2015124","2015","124","2015-10-27","20","22","31","33","39","44","10"
"2015125","2015","125","2015-10-29","4","5","6","22","31","46","47"
"2015126","2015","126","2015-10-31","4","10","28","37","42","48","8"
"2015127","2015","127","2015-11-03","7","12","13","25","34","38","15"
"2015128","2015","128","2015-11-05","5","10","11","25","27","44","7"
"2015129","2015","129","2015-11-07","6","16","27","34","44","48","1"
"2015130","2015","130","2015-11-10","4","14","28","42","43","47","3"
"2015131","2015","131","2015-11-12","10","20","24","28","33","45","19"
"2015132","2015","132","2015-11-15","13","15","24","28","41","45","20"
"2015133","2015","133","2015-11-17","12","13","31","33","35","47","21"
"2015134","2015","134","2015-11-19","13","15","25","40","41","48","19"
"2015135","2015","135","2015-11-22","9","20","30","33","38","39","37"
"2015136","2015","136","2015-11-24","17","21","22","36","41","44","38"
"2015137","2015","137","2015-11-26","10","17","25","26","39","44","7"
"2015138","2015","138","2015-11-28","15","21","24","25","28","31","48"
"2015139","2015","139","2015-12-01","8","9","10","22","33","40","28"
"2015140","2015","140","2015-12-03","4","11","14","41","42","44","10"
"2015141","2015","141","2015-12-05","6","16","19","34","35","46","9"
"2015142","2015","142","2015-12-08","9","10","25","40","48","49","32"
"2015143","2015","143","2015-12-10","9","24","29","32","34","47","42"
"2015144","2015","144","2015-12-12","16","18","27","35","42","44","33"
"2015145","2015","145","2015-12-15","18","22","40","41","48","49","42"
"2015146","2015","146","2015-12-17","18","20","24","36","44","45","39"
"2015147","2015","147","2015-12-20","6","11","16","20","43","45","21"
"2015148","2015","148","2015-12-22","11","28","36","38","44","48","26"
"2015149","2015","149","2015-12-24","12","18","20","28","33","47","25"
"2015150","2015","150","2015-12-26","1","8","33","37","42","47","7"
"2015151","2015","151","2015-12-29","3","5","20","30","33","38","28"
"2015152","2015","152","2015-12-31","2","11","12","22","24","25","3"
"2016001","2016","001","2016-01-02","6","8","11","32","34","41","47"
"2016002","2016","002","2016-01-05","2","5","7","18","30","45","11"
"2016003","2016","003","2016-01-07","6","9","11","29","43","47","8"
"2016004","2016","004","2016-01-10","4","8","15","18","30","45","38"
"2016005","2016","005","2016-01-12","8","13","15","35","44","45","47"
"2016006","2016","006","2016-01-14","1","2","10","23","32","49","26"
"2016007","2016","007","2016-01-16","1","2","6","37","40","43","24"
"2016008","2016","008","2016-01-19","8","18","20","25","30","39","13"
"2016009","2016","009","2016-01-21","2","12","33","40","45","47","9"
"2016010","2016","010","2016-01-23","7","8","12","14","23","32","5"
"2016011","2016","011","2016-01-26","5","9","22","26","27","40","13"
"2016012","2016","012","2016-01-28","8","20","30","34","42","48","36"
"2016013","2016","013","2016-01-30","1","5","29","32","39","44","4"
"2016014","2016","014","2016-02-02","18","28","30","33","34","36","2"
"2016015","2016","015","2016-02-04","7","13","15","35","38","45","32"
"2016016","2016","016","2016-02-07","11","13","15","19","21","29","41"
"2016017","2016","017","2016-02-11","3","4","17","30","35","47","10"
"2016018","2016","018","2016-02-13","8","14","24","29","36","43","31"
"2016019","2016","019","2016-02-16","18","21","22","34","42","43","24"
"2016020","2016","020","2016-02-18","13","20","38","39","41","45","46"
"2016021","2016","021","2016-02-20","12","20","39","44","47","49","45"
"2016022","2016","022","2016-02-23","9","15","24","27","44","45","47"
"2016023","2016","023","2016-02-25","3","6","22","24","45","47","7"
"2016024","2016","024","2016-02-28","6","9","11","20","27","44","42"
"2016025","2016","025","2016-03-01","11","16","19","21","30","33","31"
"2016026","2016","026","2016-03-03","1","2","5","7","16","45","33"
"2016027","2016","027","2016-03-05","17","26","29","32","48","49","40"
"2016028","2016","028","2016-03-08","3","4","16","30","34","39","14"
"2016029","2016","029","2016-03-10","9","14","24","30","33","48","43"
"2016030","2016","030","2016-03-12","3","23","33","36","41","49","2"
"2016031","2016","031","2016-03-15","1","6","19","26","28","41","39"
"2016032","2016","032","2016-03-17","3","8","15","16","17","38","35"
"2016033","2016","033","2016-03-19","23","25","35","39","42","43","14"
"2016034","2016","034","2016-03-22","5","10","18","24","27","49","39"
"2016035","2016","035","2016-03-24","16","18","21","25","35","46","13"
"2016036","2016","036","2016-03-26","17","24","38","44","46","47","27"
"2016037","2016","037","2016-03-29","9","12","13","22","30","31","28"
"2016038","2016","038","2016-04-02","4","6","29","34","36","45","47"
"2016039","2016","039","2016-04-05","4","10","21","30","35","43","7"
"2016040","2016","040","2016-04-07","8","21","25","32","34","45","31"
"2016041","2016","041","2016-04-09","3","6","13","38","43","44","31"
"2016042","2016","042","2016-04-12","21","25","28","33","46","48","10"
"2016043","2016","043","2016-04-14","14","21","25","27","44","46","3"
"2016044","2016","044","2016-04-17","16","24","28","35","45","46","38"
"2016045","2016","045","2016-04-19","5","8","30","34","45","48","3"
"2016046","2016","046","2016-04-21","3","5","14","15","39","41","21"
"2016047","2016","047","2016-04-23","2","10","16","35","46","47","49"
"2016048","2016","048","2016-04-26","1","3","25","27","28","45","12"
"2016049","2016","049","2016-04-30","11","20","28","29","44","49","40"
"2016050","2016","050","2016-05-05","6","7","12","15","27","36","29"
"2016051","2016","051","2016-05-10","20","26","28","32","40","45","43"
"2016052","2016","052","2016-05-12","4","12","19","20","27","49","21"
"2016053","2016","053","2016-05-15","2","11","25","28","36","46","42"
"2016054","2016","054","2016-05-17","1","19","23","24","32","40","35"
"2016055","2016","055","2016-05-19","2","8","20","24","37","39","18"
"2016056","2016","056","2016-05-21","6","13","23","25","44","48","11"
"2016057","2016","057","2016-05-24","14","18","33","34","35","46","42"
"2016058","2016","058","2016-05-26","9","15","36","38","46","48","22"
"2016059","2016","059","2016-05-28","21","23","32","33","36","42","20"
"2016060","2016","060","2016-05-31","21","24","36","38","39","44","49"
"2016061","2016","061","2016-06-02","3","4","19","24","26","34","38"
"2016062","2016","062","2016-06-04","8","16","21","32","38","48","11"
"2016063","2016","063","2016-06-06","2","5","8","12","20","49","47"
"2016064","2016","064","2016-06-08","4","13","34","36","42","48","19"
"2016065","2016","065","2016-06-11","10","14","23","29","40","42","11"
"2016066","2016","066","2016-06-14","13","15","30","36","44","49","37"
"2016067","2016","067","2016-06-16","19","22","27","29","45","48","4"
"2016068","2016","068","2016-06-18","4","5","8","12","34","37","24"
"2016069","2016","069","2016-06-21","9","10","20","21","38","39","49"
"2016070","2016","070","2016-06-23","6","9","21","35","48","49","29"
"2016071","2016","071","2016-06-25","10","15","22","38","42","43","18"
"2016072","2016","072","2016-06-28","7","13","23","30","32","48","36"
"2016073","2016","073","2016-06-30","2","5","6","7","16","29","35"
"2016074","2016","074","2016-07-02","2","8","16","32","33","37","5"
"2016075","2016","075","2016-07-05","1","6","13","17","34","44","38"
"2016076","2016","076","2016-07-07","13","14","21","31","38","44","22"
"2016077","2016","077","2016-07-09","7","19","20","28","30","31","29"
"2016078","2016","078","2016-07-12","12","20","31","32","35","45","18"
"2016079","2016","079","2016-07-14","16","21","30","36","38","47","48"
"2016080","2016","080","2016-07-16","1","2","7","16","24","34","36"
"2016081","2016","081","2016-07-19","7","21","27","33","46","47","4"
"2016082","2016","082","2016-07-22","10","11","22","41","44","46","35"
"2016083","2016","083","2016-07-24","11","18","26","31","39","44","24"
"2016084","2016","084","2016-07-26","3","14","17","21","28","49","12"
"2016085","2016","085","2016-07-28","12","20","24","35","39","47","15"
"2016086","2016","086","2016-07-30","9","21","29","33","35","48","28"
"2016087","2016","087","2016-08-02","7","11","12","19","21","39","49"
"2016088","2016","088","2016-08-04","10","16","34","41","45","47","7"
"2016089","2016","089","2016-08-06","2","17","23","32","36","40","3"
"2016090","2016","090","2016-08-09","5","9","13","22","34","39","40"
"2016091","2016","091","2016-08-11","10","11","19","23","30","38","13"
"2016092","2016","092","2016-08-13","3","4","11","23","44","47","24"
"2016093","2016","093","2016-08-16","5","12","14","20","27","46","26"
"2016094","2016","094","2016-08-18","3","17","20","22","45","46","30"
"2016095","2016","095","2016-08-20","2","3","15","28","46","48","33"
"2016096","2016","096","2016-08-23","14","16","24","25","43","44","3"
"2016097","2016","097","2016-08-25","4","20","34","35","40","47","3"
"2016098","2016","098","2016-08-27","3","6","13","24","37","43","30"
"2016099","2016","099","2016-08-30","14","20","21","31","34","42","25"
"2016100","2016","100","2016-09-01","8","11","13","30","34","49","2"
"2016101","2016","101","2016-09-04","8","25","26","28","38","43","22"
"2016102","2016","102","2016-09-06","11","15","33","41","43","48","27"
"2016103","2016","103","2016-09-08","3","4","5","26","45","48","14"
"2016104","2016","104","2016-09-11","7","16","32","37","38","46","22"
"2016105","2016","105","2016-09-13","1","13","19","21","38","49","23"
"2016106","2016","106","2016-09-15","24","25","34","35","44","49","30"
"2016107","2016","107","2016-09-17","3","18","21","25","31","42","26"
"2016108","2016","108","2016-09-20","4","16","19","27","41","44","25"
"2016109","2016","109","2016-09-22","5","30","38","43","44","47","14"
"2016110","2016","110","2016-09-24","1","17","20","34","43","44","42"
"2016111","2016","111","2016-09-27","12","16","19","23","28","32","27"
"2016112","2016","112","2016-09-30","14","20","28","33","41","48","40"
"2016113","2016","113","2016-10-02","7","8","21","22","34","46","6"
"2016114","2016","114","2016-10-04","2","6","10","28","38","40","30"
"2016115","2016","115","2016-10-06","5","11","13","19","33","48","34"
"2016116","2016","116","2016-10-09","12","26","28","36","45","49","9"
"2016117","2016","117","2016-10-11","16","19","24","28","36","42","13"
"2016118","2016","118","2016-10-13","2","9","16","27","32","40","46"
"2016119","2016","119","2016-10-15","7","12","18","27","28","40","10"
"2016120","2016","120","2016-10-18","8","27","28","30","38","41","12"
"2016121","2016","121","2016-10-20","2","4","7","15","28","45","19"
"2016122","2016","122","2016-10-22","3","12","13","20","33","43","35"
"2016123","2016","123","2016-10-25","7","8","12","17","22","29","14"
"2016124","2016","124","2016-10-27","8","16","17","34","35","44","41"
"2016125","2016","125","2016-10-29","22","26","32","38","43","47","42"
"2016126","2016","126","2016-11-01","1","2","21","31","33","36","8"
"2016127","2016","127","2016-11-03","6","14","18","22","30","38","47"
"2016128","2016","128","2016-11-05","9","12","31","39","42","46","48"
"2016129","2016","129","2016-11-08","3","5","6","11","34","42","28"
"2016130","2016","130","2016-11-10","3","17","38","39","46","49","37"
"2016131","2016","131","2016-11-13","2","16","27","29","34","41","42"
"2016132","2016","132","2016-11-15","10","15","17","18","27","40","26"
"2016133","2016","133","2016-11-17","5","18","26","28","30","45","33"
"2016134","2016","134","2016-11-19","2","6","23","24","37","42","32"
"2016135","2016","135","2016-11-22","12","13","16","18","38","40","5"
"2016136","2016","136","2016-11-24","3","9","24","31","38","49","41"
"2016137","2016","137","2016-11-26","1","2","3","4","7","10","33"
"2016138","2016","138","2016-11-29","4","11","18","22","24","49","25"
"2016139","2016","139","2016-12-01","9","15","18","21","24","37","16"
"2016140","2016","140","2016-12-03","8","13","23","30","47","48","7"
"2016141","2016","141","2016-12-06","3","7","17","29","32","49","11"
"2016142","2016","142","2016-12-08","9","24","26","28","37","39","29"
"2016143","2016","143","2016-12-10","7","22","32","33","34","39","45"
"2016144","2016","144","2016-12-13","7","14","26","31","38","44","37"
"2016145","2016","145","2016-12-15","15","19","20","32","33","34","23"
"2016146","2016","146","2016-12-18","3","10","21","26","28","38","29"
"2016147","2016","147","2016-12-20","5","28","32","34","37","48","39"
"2016148","2016","148","2016-12-23","4","14","16","25","32","35","47"
"2016149","2016","149","2016-12-25","3","4","10","26","37","43","41"
"2016150","2016","150","2016-12-29","2","11","13","15","17","21","26"
"2016151","2016","151","2016-12-31","8","9","12","15","17","28","33"
"2017001","2017","001","2017-01-03","4","11","22","29","37","46","18"
"2017002","2017","002","2017-01-05","5","14","20","21","36","49","39"
"2017003","2017","003","2017-01-07","7","10","14","29","45","46","19"
"2017004","2017","004","2017-01-10","2","7","14","26","38","39","12"
"2017005","2017","005","2017-01-12","18","25","27","30","40","43","6"
"2017006","2017","006","2017-01-15","1","6","22","37","44","48","35"
"2017007","2017","007","2017-01-17","26","27","28","36","42","47","33"
"2017008","2017","008","2017-01-19","1","2","13","23","35","43","18"
"2017009","2017","009","2017-01-21","8","27","28","37","38","49","33"
"2017010","2017","010","2017-01-24","2","5","23","27","36","43","20"
"2017011","2017","011","2017-01-26","13","24","28","29","31","44","10"
"2017012","2017","012","2017-01-28","8","15","25","30","34","40","42"
"2017013","2017","013","2017-02-01","13","14","18","23","29","35","45"
"2017014","2017","014","2017-02-04","7","14","25","28","33","40","26"
"2017015","2017","015","2017-02-07","6","11","22","25","32","33","24"
"2017016","2017","016","2017-02-09","3","12","13","19","24","45","40"
"2017017","2017","017","2017-02-12","7","21","26","30","38","47","15"
"2017018","2017","018","2017-02-14","14","16","21","28","43","46","26"
"2017019","2017","019","2017-02-16","5","8","23","34","41","44","7"
"2017020","2017","020","2017-02-18","5","8","12","17","20","37","45"
"2017021","2017","021","2017-02-21","1","7","13","29","32","44","20"
"2017022","2017","022","2017-02-23","13","15","16","32","34","46","10"
"2017023","2017","023","2017-02-25","4","12","19","20","25","26","8"
"2017024","2017","024","2017-02-28","15","20","24","34","42","44","7"
"2017025","2017","025","2017-03-02","6","13","31","42","43","45","34"
"2017026","2017","026","2017-03-04","10","18","22","23","29","32","45"
"2017027","2017","027","2017-03-07","2","14","18","19","40","43","42"
"2017028","2017","028","2017-03-09","17","19","25","35","41","44","26"
"2017029","2017","029","2017-03-11","1","4","20","27","32","39","15"
"2017030","2017","030","2017-03-14","2","32","33","35","36","44","48"
"2017031","2017","031","2017-03-16","1","2","11","19","40","48","4"
"2017032","2017","032","2017-03-18","2","13","17","23","30","46","8"
"2017033","2017","033","2017-03-21","8","12","20","25","37","46","2"
"2017034","2017","034","2017-03-23","5","14","17","33","41","47","16"
"2017035","2017","035","2017-03-25","9","10","23","30","38","48","16"
"2017036","2017","036","2017-03-28","2","9","21","35","36","40","44"
"2017037","2017","037","2017-03-30","18","19","21","30","38","48","7"
"2017038","2017","038","2017-04-01","7","17","20","34","36","44","23"
"2017039","2017","039","2017-04-04","3","9","19","33","40","41","26"
"2017040","2017","040","2017-04-06","4","21","24","39","45","46","40"
"2017041","2017","041","2017-04-08","2","11","14","20","27","30","19"
"2017042","2017","042","2017-04-11","14","17","22","29","30","31","38"
"2017043","2017","043","2017-04-13","4","10","25","26","38","49","34"
"2017044","2017","044","2017-04-15","1","4","5","29","33","44","39"
"2017045","2017","045","2017-04-18","4","10","11","18","29","38","28"
"2017046","2017","046","2017-04-22","1","9","11","23","29","34","6"
"2017047","2017","047","2017-04-25","1","21","22","45","46","49","14"
"2017048","2017","048","2017-04-27","16","17","21","42","48","49","37"
"2017049","2017","049","2017-04-29","5","8","14","22","31","48","33"
"2017050","2017","050","2017-05-02","1","20","22","27","31","41","2"
"2017051","2017","051","2017-05-04","4","17","21","32","36","46","27"
"2017052","2017","052","2017-05-06","1","3","9","13","34","35","27"
"2017053","2017","053","2017-05-09","6","22","23","31","36","45","12"
"2017054","2017","054","2017-05-11","9","16","22","38","40","46","11"
"2017055","2017","055","2017-05-14","1","7","12","18","27","33","20"
"2017056","2017","056","2017-05-16","1","5","7","9","10","15","3"
"2017057","2017","057","2017-05-18","7","11","20","28","41","49","32"
"2017058","2017","058","2017-05-20","2","3","17","34","38","48","14"
"2017059","2017","059","2017-05-23","7","13","17","23","29","46","49"
"2017060","2017","060","2017-05-25","23","26","27","39","40","48","7"
"2017061","2017","061","2017-05-27","5","7","18","22","33","43","27"
"2017062","2017","062","2017-05-30","14","18","27","32","37","38","1"
"2017063","2017","063","2017-06-01","4","18","23","28","36","45","33"
"2017064","2017","064","2017-06-03","11","15","24","25","33","40","42"
"2017065","2017","065","2017-06-06","8","24","26","30","47","49","35"
"2017066","2017","066","2017-06-08","8","11","15","23","24","29","6"
"2017067","2017","067","2017-06-10","1","13","18","23","30","44","42"
"2017068","2017","068","2017-06-13","21","23","27","34","46","49","44"
"2017069","2017","069","2017-06-15","1","2","5","12","18","19","44"
"2017070","2017","070","2017-06-17","9","34","39","42","46","49","32"
"2017071","2017","071","2017-06-20","15","18","20","25","35","45","34"
"2017072","2017","072","2017-06-22","18","20","21","27","31","49","45"
"2017073","2017","073","2017-06-24","3","28","30","32","37","42","11"
"2017074","2017","074","2017-06-27","12","24","30","40","44","48","8"
"2017075","2017","075","2017-06-29","11","16","26","27","29","37","19"
"2017076","2017","076","2017-07-02","4","9","27","33","39","42","35"
"2017077","2017","077","2017-07-04","2","5","15","26","27","38","18"
"2017078","2017","078","2017-07-06","2","6","7","8","10","30","28"
"2017079","2017","079","2017-07-08","3","8","11","21","36","48","37"
"2017080","2017","080","2017-07-11","1","11","20","22","43","45","35"
"2017081","2017","081","2017-07-13","4","5","25","27","29","41","18"
"2017082","2017","082","2017-07-15","29","34","35","42","43","48","26"
"2017083","2017","083","2017-07-18","6","14","32","33","40","46","10"
"2017084","2017","084","2017-07-20","5","9","12","25","26","34","21"
"2017085","2017","085","2017-07-22","4","6","27","36","47","49","3"
"2017086","2017","086","2017-07-25","8","9","15","33","37","47","1"
"2017087","2017","087","2017-07-27","3","4","31","37","42","44","40"
"2017088","2017","088","2017-07-30","11","15","25","30","37","43","17"
"2017089","2017","089","2017-08-01","10","25","26","32","36","37","46"
"2017090","2017","090","2017-08-03","6","18","22","24","35","40","36"
"2017091","2017","091","2017-08-05","14","25","32","35","39","48","31"
"2017092","2017","092","2017-08-08","8","10","25","28","33","37","7"
"2017093","2017","093","2017-08-10","18","22","25","32","33","42","29"
"2017094","2017","094","2017-08-12","3","4","15","25","38","45","28"
"2017095","2017","095","2017-08-15","3","4","7","19","20","23","27"
"2017096","2017","096","2017-08-17","5","21","24","29","43","44","42"
"2017097","2017","097","2017-08-19","2","23","32","34","43","45","22"
"2017098","2017","098","2017-08-22","4","23","24","33","40","43","15"
"2017099","2017","099","2017-08-24","4","7","10","21","28","47","17"
"2017100","2017","100","2017-08-26","16","34","35","36","40","46","31"
"2017101","2017","101","2017-08-29","12","24","26","34","44","48","4"
"2017102","2017","102","2017-08-31","12","17","18","25","33","37","29"
"2017103","2017","103","2017-09-02","1","5","11","23","24","27","15"
"2017104","2017","104","2017-09-05","1","2","8","30","39","43","19"
"2017105","2017","105","2017-09-07","10","19","27","29","41","46","17"
"2017106","2017","106","2017-09-09","4","7","18","23","29","39","49"
"2017107","2017","107","2017-09-12","21","23","30","38","44","49","37"
"2017108","2017","108","2017-09-14","25","26","34","41","42","49","1"
"2017109","2017","109","2017-09-17","3","12","16","23","36","47","33"
"2017110","2017","110","2017-09-19","7","11","12","30","34","36","17"
"2017111","2017","111","2017-09-21","1","3","4","5","32","39","10"
"2017112","2017","112","2017-09-23","1","13","22","25","30","36","4"
"2017113","2017","113","2017-09-26","2","10","19","27","31","33","16"
"2017114","2017","114","2017-09-28","7","18","24","26","39","45","44"
"2017115","2017","115","2017-09-30","2","11","19","20","33","49","6"
"2017116","2017","116","2017-10-02","1","8","19","22","35","46","30"
"2017117","2017","117","2017-10-04","10","16","22","23","26","46","25"
"2017118","2017","118","2017-10-07","3","6","24","38","45","48","5"
"2017119","2017","119","2017-10-10","6","17","22","26","32","45","24"
"2017120","2017","120","2017-10-12","1","6","8","11","12","16","41"
"2017121","2017","121","2017-10-17","2","4","19","30","35","47","25"
"2017122","2017","122","2017-10-19","8","12","19","24","28","49","37"
"2017123","2017","123","2017-10-21","8","16","18","30","43","45","27"
"2017124","2017","124","2017-10-24","1","8","9","16","29","42","49"
"2017125","2017","125","2017-10-26","4","5","20","29","35","38","36"
"2017126","2017","126","2017-10-28","7","16","18","22","26","44","9"
"2017127","2017","127","2017-10-31","21","26","29","35","45","49","41"
"2017128","2017","128","2017-11-02","5","18","20","32","36","40","7"
"2017129","2017","129","2017-11-04","23","30","32","33","43","44","28"
"2017130","2017","130","2017-11-07","3","18","19","35","38","40","48"
"2017131","2017","131","2017-11-09","3","32","36","46","48","49","29"
"2017132","2017","132","2017-11-12","12","16","22","28","36","37","45"
"2017133","2017","133","2017-11-14","1","15","20","28","33","43","18"
"2017134","2017","134","2017-11-16","3","8","20","34","40","46","24"
"2017135","2017","135","2017-11-18","19","24","26","30","36","41","43"
"2017136","2017","136","2017-11-21","8","27","30","35","36","43","31"
"2017137","2017","137","2017-11-23","3","4","30","37","39","42","32"
"2017138","2017","138","2017-11-25","5","13","16","28","40","41","2"
"2017139","2017","139","2017-11-28","6","8","9","23","36","40","19"
"2017140","2017","140","2017-11-30","4","10","32","35","38","47","49"
"2017141","2017","141","2017-12-02","7","14","19","27","28","38","46"
"2017142","2017","142","2017-12-05","7","9","14","18","20","44","29"
"2017143","2017","143","2017-12-07","1","25","34","37","39","47","18"
"2017144","2017","144","2017-12-09","22","24","29","35","38","48","30"
"2017145","2017","145","2017-12-12","4","15","29","34","38","48","30"
"2017146","2017","146","2017-12-14","7","10","20","25","34","35","8"
"2017147","2017","147","2017-12-16","1","3","6","9","24","28","36"
"2017148","2017","148","2017-12-19","3","9","33","38","44","49","24"
"2017149","2017","149","2017-12-21","14","21","22","28","30","47","3"
"2017150","2017","150","2017-12-24","1","16","26","34","39","47","11"
"2017151","2017","151","2017-12-26","2","7","16","28","30","37","12"
"2017152","2017","152","2017-12-28","15","17","23","40","44","46","11"
"2017153","2017","153","2017-12-30","1","13","22","25","36","38","37"
"2018001","2018","001","2018-01-02","12","18","28","35","39","42","36"
"2018002","2018","002","2018-01-06","1","12","21","31","36","49","23"
"2018003","2018","003","2018-01-11","3","29","31","43","47","49","19"
"2018004","2018","004","2018-01-16","2","21","27","30","36","37","4"
"2018005","2018","005","2018-01-20","2","5","23","24","27","34","8"
"2018006","2018","006","2018-01-23","3","20","27","32","37","41","44"
"2018007","2018","007","2018-01-25","3","14","23","36","40","47","20"
"2018008","2018","008","2018-01-27","8","17","26","33","43","45","40"
"2018009","2018","009","2018-01-30","4","7","11","12","40","49","25"
"2018010","2018","010","2018-02-01","20","23","26","29","47","49","39"
"2018011","2018","011","2018-02-03","2","4","12","25","40","49","8"
"2018012","2018","012","2018-02-06","3","19","26","28","35","48","32"
"2018013","2018","013","2018-02-08","13","16","22","28","37","41","34"
"2018014","2018","014","2018-02-11","1","2","9","27","33","45","38"
"2018015","2018","015","2018-02-13","2","9","18","27","32","42","12"
"2018016","2018","016","2018-02-15","1","19","21","32","43","45","34"
"2018017","2018","017","2018-02-20","3","5","25","42","43","44","2"
"2018018","2018","018","2018-02-22","4","12","19","20","30","39","5"
"2018019","2018","019","2018-02-24","17","20","34","38","42","45","5"
"2018020","2018","020","2018-02-27","13","24","28","31","41","43","16"
"2018021","2018","021","2018-03-01","2","14","15","17","18","29","1"
"2018022","2018","022","2018-03-04","6","10","11","23","28","43","21"
"2018023","2018","023","2018-03-06","2","11","17","19","35","37","20"
"2018024","2018","024","2018-03-08","1","6","30","43","44","48","7"
"2018025","2018","025","2018-03-10","7","18","19","26","27","39","2"
"2018026","2018","026","2018-03-13","5","16","20","25","34","42","2"
"2018027","2018","027","2018-03-15","13","16","25","35","38","49","33"
"2018028","2018","028","2018-03-17","4","6","23","33","40","47","30"
"2018029","2018","029","2018-03-20","3","22","27","29","42","45","10"
"2018030","2018","030","2018-03-22","10","18","21","29","33","46","36"
"2018031","2018","031","2018-03-24","12","19","23","28","35","45","6"
"2018032","2018","032","2018-03-29","5","12","24","27","30","47","43"
"2018033","2018","033","2018-03-31","9","13","16","18","19","34","21"
"2018034","2018","034","2018-04-03","21","29","31","41","46","49","36"
"2018035","2018","035","2018-04-05","19","24","29","39","40","42","30"
"2018036","2018","036","2018-04-07","4","20","23","27","31","43","3"
"2018037","2018","037","2018-04-10","1","15","23","34","43","48","25"
"2018038","2018","038","2018-04-12","1","2","9","11","37","41","18"
"2018039","2018","039","2018-04-14","12","14","15","36","38","40","42"
"2018040","2018","040","2018-04-17","3","8","16","22","28","32","24"
"2018041","2018","041","2018-04-19","20","21","33","40","45","49","43"
"2018042","2018","042","2018-04-22","10","14","28","30","42","44","35"
"2018043","2018","043","2018-04-24","12","20","21","28","33","41","9"
"2018044","2018","044","2018-04-26","8","12","20","33","35","45","42"
"2018045","2018","045","2018-04-28","2","15","17","18","21","44","14"
"2018046","2018","046","2018-05-01","1","5","10","20","21","25","43"
"2018047","2018","047","2018-05-03","12","24","30","31","32","34","41"
"2018048","2018","048","2018-05-05","3","24","40","44","45","49","8"
"2018049","2018","049","2018-05-08","3","14","18","28","31","40","38"
"2018050","2018","050","2018-05-10","12","19","25","31","36","49","11"
"2018051","2018","051","2018-05-13","1","6","9","19","21","23","43"
"2018052","2018","052","2018-05-15","5","8","9","19","32","44","39"
"2018053","2018","053","2018-05-17","3","16","23","30","43","46","26"
"2018054","2018","054","2018-05-19","14","23","29","36","37","47","25"
"2018055","2018","055","2018-05-22","7","12","14","22","31","33","38"
"2018056","2018","056","2018-05-24","4","5","7","11","12","13","18"
"2018057","2018","057","2018-05-26","1","12","22","40","42","44","28"
"2018058","2018","058","2018-05-29","3","6","11","22","45","46","1"
"2018059","2018","059","2018-05-31","3","5","28","33","40","49","32"
"2018060","2018","060","2018-06-02","4","15","30","33","38","41","16"
"2018061","2018","061","2018-06-05","6","10","24","34","40","45","9"
"2018062","2018","062","2018-06-07","5","32","34","36","38","43","25"
"2018063","2018","063","2018-06-09","11","23","35","41","46","49","47"
"2018064","2018","064","2018-06-12","30","31","34","40","41","42","33"
"2018065","2018","065","2018-06-14","2","10","24","28","35","39","27"
"2018066","2018","066","2018-06-17","1","7","20","21","35","48","22"
"2018067","2018","067","2018-06-19","2","7","21","31","33","42","24"
"2018068","2018","068","2018-06-21","16","23","24","31","33","34","18"
"2018069","2018","069","2018-06-23","2","9","16","18","24","46","47"
"2018070","2018","070","2018-06-26","7","8","12","17","33","42","26"
"2018071","2018","071","2018-06-28","6","13","23","29","38","45","41"
"2018072","2018","072","2018-06-30","5","6","16","18","30","32","27"
"2018073","2018","073","2018-07-03","3","21","22","41","45","49","10"
"2018074","2018","074","2018-07-05","1","13","20","34","38","40","29"
"2018075","2018","075","2018-07-07","8","17","20","26","40","46","19"
"2018076","2018","076","2018-07-10","6","8","29","38","41","49","2"
"2018077","2018","077","2018-07-12","1","5","7","8","30","33","22"
"2018078","2018","078","2018-07-14","7","13","22","27","33","36","45"
"2018079","2018","079","2018-07-17","6","10","32","36","41","48","47"
"2018080","2018","080","2018-07-19","12","16","23","25","40","42","20"
"2018081","2018","081","2018-07-21","13","14","15","37","38","44","40"
"2018082","2018","082","2018-07-24","2","16","17","27","32","37","12"
"2018083","2018","083","2018-07-26","22","32","37","44","46","49","38"
"2018084","2018","084","2018-07-28","5","7","11","26","30","43","17"
"2018085","2018","085","2018-07-31","24","27","36","43","44","46","30"
"2018086","2018","086","2018-08-02","3","5","11","34","35","45","28"
"2018087","2018","087","2018-08-04","4","15","23","34","37","48","30"
"2018088","2018","088","2018-08-07","4","21","25","39","46","47","12"
"2018089","2018","089","2018-08-09","8","10","11","20","21","34","13"
"2018090","2018","090","2018-08-11","1","11","25","38","47","49","37"
"2018091","2018","091","2018-08-14","32","37","38","42","43","49","24"
"2018092","2018","092","2018-08-16","9","13","16","27","29","41","37"
"2018093","2018","093","2018-08-18","2","14","24","37","42","47","20"
"2018094","2018","094","2018-08-21","3","10","18","28","40","47","4"
"2018095","2018","095","2018-08-23","12","14","22","30","38","44","34"
"2018096","2018","096","2018-08-25","3","4","19","28","31","48","27"
"2018097","2018","097","2018-08-28","9","18","26","30","36","46","2"
"2018098","2018","098","2018-08-30","4","15","21","23","44","46","13"
"2018099","2018","099","2018-09-01","10","13","20","26","35","45","37"
"2018100","2018","100","2018-09-04","4","5","33","36","44","47","13"
"2018101","2018","101","2018-09-06","17","26","30","33","38","49","47"
"2018102","2018","102","2018-09-08","7","9","12","18","41","46","33"
"2018103","2018","103","2018-09-11","31","36","38","45","47","49","37"
"2018104","2018","104","2018-09-13","14","20","22","39","41","48","35"
"2018105","2018","105","2018-09-15","4","6","11","33","37","48","41"
"2018106","2018","106","2018-09-18","9","11","18","23","32","48","26"
"2018107","2018","107","2018-09-20","5","6","17","26","40","41","46"
"2018108","2018","108","2018-09-23","2","13","21","23","32","40","30"
"2018109","2018","109","2018-09-25","5","14","20","22","24","48","4"
"2018110","2018","110","2018-09-27","14","17","30","46","48","49","36"
"2018111","2018","111","2018-09-29","9","31","34","35","37","38","16"
"2018112","2018","112","2018-10-02","13","18","23","28","33","49","19"
"2018113","2018","113","2018-10-04","13","19","34","35","45","46","27"
"2018114","2018","114","2018-10-06","2","10","35","39","44","49","8"
"2018115","2018","115","2018-10-09","7","9","18","27","44","45","15"
"2018116","2018","116","2018-10-11","7","9","19","29","39","42","41"
"2018117","2018","117","2018-10-14","8","14","21","24","34","43","1"
"2018118","2018","118","2018-10-16","7","11","19","32","45","46","37"
"2018119","2018","119","2018-10-20","10","13","22","25","40","42","5"
"2018120","2018","120","2018-10-23","6","17","20","34","36","44","15"
"2018121","2018","121","2018-10-25","6","13","20","25","27","29","21"
"2018122","2018","122","2018-10-27","1","5","15","39","45","47","43"
"2018123","2018","123","2018-10-30","4","7","10","22","34","42","38"
"2018124","2018","124","2018-11-01","9","13","15","16","20","32","12"
"2018125","2018","125","2018-11-03","4","19","24","38","39","44","46"
"2018126","2018","126","2018-11-06","1","8","22","23","46","47","12"
"2018127","2018","127","2018-11-08","9","16","22","24","40","47","17"
"2018128","2018","128","2018-11-11","6","24","26","36","44","49","8"
"2018129","2018","129","2018-11-13","8","22","30","34","35","37","29"
"2018130","2018","130","2018-11-15","2","10","29","32","40","41","44"
"2018131","2018","131","2018-11-17","5","9","12","14","42","43","45"
"2018132","2018","132","2018-11-20","4","12","14","17","29","35","38"
"2018133","2018","133","2018-11-22","15","16","18","22","26","48","34"
"2018134","2018","134","2018-11-24","3","8","13","25","30","34","32"
"2018135","2018","135","2018-11-27","7","8","15","27","29","38","39"
"2018136","2018","136","2018-11-29","14","25","31","34","36","43","35"
"2018137","2018","137","2018-12-01","2","20","29","32","38","39","47"
"2018138","2018","138","2018-12-04","8","11","14","20","22","31","19"
"2018139","2018","139","2018-12-06","8","20","32","40","44","46","34"
"2018140","2018","140","2018-12-08","20","27","29","40","45","48","43"
"2018141","2018","141","2018-12-11","7","8","10","20","33","42","22"
"2018142","2018","142","2018-12-13","1","15","21","23","24","33","39"
"2018143","2018","143","2018-12-15","5","10","30","33","36","37","22"
"2018144","2018","144","2018-12-18","1","10","11","13","30","33","45"
"2018145","2018","145","2018-12-20","4","7","8","12","13","26","42"
"2018146","2018","146","2018-12-22","7","20","33","46","48","49","4"
"2018147","2018","147","2018-12-25","2","14","16","32","41","47","23"
"2018148","2018","148","2018-12-27","1","4","17","22","23","35","37"
"2018149","2018","149","2018-12-30","6","7","13","33","35","46","43"
"2019001","2019","001","2019-01-03","8","23","25","30","32","45","24"
"2019002","2019","002","2019-01-05","12","13","16","19","23","45","2"
"2019003","2019","003","2019-01-08","4","5","12","23","30","40","10"
"2019004","2019","004","2019-01-10","6","7","28","31","36","43","23"
"2019005","2019","005","2019-01-13","10","18","35","37","48","49","27"
"2019006","2019","006","2019-01-15","10","16","17","33","44","48","7"
"2019007","2019","007","2019-01-17","16","18","28","35","36","41","37"
"2019008","2019","008","2019-01-19","13","24","31","34","44","47","8"
"2019009","2019","009","2019-01-22","3","19","25","30","33","48","44"
"2019010","2019","010","2019-01-24","11","18","33","41","43","46","36"
"2019011","2019","011","2019-01-26","14","27","29","41","45","46","21"
"2019012","2019","012","2019-01-29","3","10","14","24","32","45","29"
"2019013","2019","013","2019-02-02","18","22","26","31","33","41","27"
"2019014","2019","014","2019-02-03","5","6","13","19","34","35","39"
"2019015","2019","015","2019-02-06","2","4","11","15","19","29","1"
"2019016","2019","016","2019-02-09","1","19","29","34","39","49","43"
"2019017","2019","017","2019-02-12","9","17","26","31","32","40","27"
"2019018","2019","018","2019-02-14","5","8","16","20","43","46","11"
"2019019","2019","019","2019-02-16","3","7","8","17","19","23","12"
"2019020","2019","020","2019-02-19","2","5","8","13","16","33","41"
"2019021","2019","021","2019-02-21","16","29","36","39","42","49","34"
"2019022","2019","022","2019-02-23","13","14","15","21","33","49","1"
"2019023","2019","023","2019-02-26","9","12","13","19","21","46","15"
"2019024","2019","024","2019-02-28","22","24","25","30","32","43","11"
"2019025","2019","025","2019-03-03","21","24","26","35","44","47","8"
"2019026","2019","026","2019-03-05","10","16","28","32","34","49","45"
"2019027","2019","027","2019-03-07","8","15","17","23","39","44","40"
"2019028","2019","028","2019-03-09","13","32","34","35","41","46","30"
"2019029","2019","029","2019-03-12","6","21","27","33","38","47","46"
"2019030","2019","030","2019-03-14","4","10","25","28","40","43","39"
"2019031","2019","031","2019-03-16","5","9","12","23","31","43","29"
"2019032","2019","032","2019-03-19","4","18","23","38","40","46","15"
"2019033","2019","033","2019-03-21","7","12","22","32","37","45","47"
"2019034","2019","034","2019-03-23","10","11","15","39","46","49","21"
"2019035","2019","035","2019-03-26","2","3","10","21","31","35","11"
"2019036","2019","036","2019-03-28","3","5","17","23","41","44","40"
"2019037","2019","037","2019-03-30","15","17","18","37","39","49","31"
"2019038","2019","038","2019-04-02","6","10","15","21","24","28","49"
"2019039","2019","039","2019-04-04","29","34","38","42","44","47","36"
"2019040","2019","040","2019-04-06","8","21","34","37","41","45","49"
"2019041","2019","041","2019-04-09","3","14","17","23","32","43","36"
"2019042","2019","042","2019-04-11","6","18","32","38","41","45","33"
"2019043","2019","043","2019-04-13","3","15","22","35","40","49","39"
"2019044","2019","044","2019-04-16","11","20","30","32","33","43","34"
"2019045","2019","045","2019-04-20","28","30","32","37","39","47","23"
"2019046","2019","046","2019-04-25","11","13","18","21","28","34","19"
"2019047","2019","047","2019-04-27","2","8","14","21","32","35","4"
"2019048","2019","048","2019-04-30","1","29","32","43","45","49","5"
"2019049","2019","049","2019-05-02","1","6","19","23","45","47","49"
"2019050","2019","050","2019-05-04","6","13","19","20","24","35","43"
"2019051","2019","051","2019-05-07","6","12","35","39","42","44","22"
"2019052","2019","052","2019-05-09","3","4","5","24","29","32","2"
"2019053","2019","053","2019-05-14","10","12","14","30","37","41","5"
"2019054","2019","054","2019-05-16","1","4","7","23","37","38","34"
"2019055","2019","055","2019-05-19","1","2","9","16","30","41","35"
"2019056","2019","056","2019-05-21","4","7","21","24","35","41","18"
"2019057","2019","057","2019-05-23","11","13","14","17","33","43","27"
"2019058","2019","058","2019-05-25","12","14","23","30","40","48","1"
"2019059","2019","059","2019-05-28","22","29","37","42","45","49","47"
"2019060","2019","060","2019-05-30","12","15","16","31","36","46","3"
"2019061","2019","061","2019-06-01","3","13","19","23","35","43","26"
"2019062","2019","062","2019-06-04","16","21","24","28","37","40","48"
"2019063","2019","063","2019-06-06","6","13","21","24","32","47","38"
"2019064","2019","064","2019-06-09","3","8","24","27","28","49","44"
"2019065","2019","065","2019-06-11","8","19","20","21","25","37","13"
"2019066","2019","066","2019-06-13","3","6","21","31","33","38","45"
"2019067","2019","067","2019-06-15","7","8","17","30","42","44","24"
"2019068","2019","068","2019-06-18","18","23","26","29","35","48","36"
"2019069","2019","069","2019-06-20","9","11","15","21","25","33","46"
"2019070","2019","070","2019-06-22","13","29","30","33","43","47","16"
"2019071","2019","071","2019-06-25","23","25","29","32","40","46","13"
"2019072","2019","072","2019-06-27","12","20","33","42","46","47","27"
"2019073","2019","073","2019-06-29","9","13","22","29","31","46","45"
"2019074","2019","074","2019-07-02","13","14","15","42","45","48","2"
"2019075","2019","075","2019-07-04","1","2","12","15","24","44","14"
"2019076","2019","076","2019-07-06","7","8","10","11","28","42","29"
"2019077","2019","077","2019-07-09","3","5","20","31","39","42","25"
"2019078","2019","078","2019-07-11","3","6","26","27","32","49","29"
"2019079","2019","079","2019-07-13","12","14","32","35","38","46","16"
"2019080","2019","080","2019-07-16","6","16","22","28","37","45","13"
"2019081","2019","081","2019-07-18","2","4","8","11","17","31","19"
"2019082","2019","082","2019-07-20","26","27","30","33","44","47","37"
"2019083","2019","083","2019-07-23","14","19","25","38","39","42","46"
"2019084","2019","084","2019-07-25","7","10","11","16","18","35","43"
"2019085","2019","085","2019-07-27","4","14","19","24","39","45","8"
"2019086","2019","086","2019-07-30","3","16","19","22","41","44","29"
"2019087","2019","087","2019-08-01","13","18","20","21","43","49","30"
"2019088","2019","088","2019-08-03","23","24","27","28","37","43","16"
"2019089","2019","089","2019-08-06","5","6","15","21","22","37","36"
"2019090","2019","090","2019-08-08","8","9","19","25","30","44","37"
"2019091","2019","091","2019-08-10","15","22","42","44","48","49","6"
"2019092","2019","092","2019-08-13","10","14","16","29","30","43","11"
"2019093","2019","093","2019-08-15","2","13","23","35","38","46","17"
"2019094","2019","094","2019-08-17","4","9","20","26","32","44","11"
"2019095","2019","095","2019-08-20","12","15","16","23","32","35","2"
"2019096","2019","096","2019-08-22","1","4","5","6","42","43","8"
"2019097","2019","097","2019-08-24","1","10","21","31","47","49","13"
"2019098","2019","098","2019-08-27","6","18","29","33","43","46","16"
"2019099","2019","099","2019-08-29","8","24","26","37","38","44","18"
"2019100","2019","100","2019-08-31","1","6","14","24","32","44","5"
"2019101","2019","101","2019-09-03","2","8","17","24","27","39","10"
"2019102","2019","102","2019-09-05","3","4","18","29","41","44","39"
"2019103","2019","103","2019-09-07","7","8","12","25","43","45","13"
"2019104","2019","104","2019-09-10","11","12","13","28","43","49","47"
"2019105","2019","105","2019-09-12","5","23","24","25","31","33","7"
"2019106","2019","106","2019-09-14","1","4","7","12","19","28","43"
"2019107","2019","107","2019-09-17","12","20","22","26","30","36","2"
"2019108","2019","108","2019-09-19","8","17","34","39","42","44","7"
"2019109","2019","109","2019-09-22","3","28","39","40","42","44","37"
"2019110","2019","110","2019-09-24","6","17","44","45","46","49","41"
"2019111","2019","111","2019-09-26","2","3","11","20","27","46","4"
"2019112","2019","112","2019-09-29","2","3","7","10","18","48","33"
"2019113","2019","113","2019-10-03","1","12","13","15","19","45","44"
"2019114","2019","114","2019-10-08","13","23","35","36","43","47","16"
"2019115","2019","115","2019-10-13","10","16","27","29","37","42","44"
"2019116","2019","116","2019-10-17","14","18","19","21","45","47","49"
"2019117","2019","117","2019-10-19","1","6","19","22","42","44","25"
"2019118","2019","118","2019-10-22","1","6","11","31","41","47","32"
"2019119","2019","119","2019-10-24","7","10","16","23","27","34","24"
"2019120","2019","120","2019-10-26","1","17","24","30","40","49","48"
"2019121","2019","121","2019-10-29","2","10","13","19","20","24","17"
"2019122","2019","122","2019-11-02","13","15","25","30","40","46","26"
"2019123","2019","123","2019-11-07","7","20","30","33","34","44","46"
"2019124","2019","124","2019-11-10","6","17","18","23","31","46","44"
"2019125","2019","125","2019-11-14","2","3","13","18","31","49","14"
"2019126","2019","126","2019-11-16","10","23","28","39","44","47","13"
"2019127","2019","127","2019-11-19","1","4","12","13","24","42","48"
"2019128","2019","128","2019-11-21","3","4","5","10","35","38","7"
"2019129","2019","129","2019-11-24","1","20","28","30","35","46","15"
"2019130","2019","130","2019-11-26","5","9","15","25","42","45","38"
"2019131","2019","131","2019-11-28","22","23","29","36","41","44","2"
"2019132","2019","132","2019-11-30","1","10","18","24","40","49","7"
"2019133","2019","133","2019-12-03","1","15","23","29","45","47","6"
"2019134","2019","134","2019-12-05","2","6","8","16","23","31","1"
"2019135","2019","135","2019-12-07","14","25","26","30","32","47","4"
"2019136","2019","136","2019-12-10","5","6","11","12","28","35","17"
"2019137","2019","137","2019-12-12","6","21","32","35","39","49","15"
"2019138","2019","138","2019-12-14","2","4","6","8","28","29","5"
"2019139","2019","139","2019-12-17","3","20","23","30","34","41","47"
"2019140","2019","140","2019-12-19","22","24","28","31","35","39","12"
"2019141","2019","141","2019-12-22","11","22","24","26","41","42","2"
"2019142","2019","142","2019-12-24","5","11","14","23","30","32","20"
"2019143","2019","143","2019-12-28","1","22","25","27","31","36","47"
"2019144","2019","144","2019-12-31","5","10","18","20","28","33","17"
