"DrawNumber","DrawYear","ShortDrawNumber","DrawDate","S_Number1","S_Number2","S_Number3","S_Number4","S_Number5","S_Number6","SpecialNumber"
"2012001","2012","001","2012-01-03","31","5","12","37","45","34","10"
"2012002","2012","002","2012-01-05","33","48","11","46","9","43","2"
"2012003","2012","003","2012-01-07","31","3","7","32","10","35","30"
"2012004","2012","004","2012-01-10","26","31","35","20","3","32","12"
"2012005","2012","005","2012-01-12","44","36","27","48","15","32","47"
"2012006","2012","006","2012-01-14","36","10","24","13","20","29","14"
"2012007","2012","007","2012-01-17","36","24","44","16","35","23","1"
"2012008","2012","008","2012-01-19","18","14","2","39","25","1","31"
"2012009","2012","009","2012-01-22","20","47","10","18","14","34","41"
"2012010","2012","010","2012-01-26","10","34","3","11","29","17","15"
"2012011","2012","011","2012-01-31","29","42","46","28","27","22","49"
"2012012","2012","012","2012-02-02","45","14","20","38","46","21","47"
"2012013","2012","013","2012-02-04","6","20","27","12","16","38","7"
"2012014","2012","014","2012-02-07","11","30","41","45","16","34","47"
"2012015","2012","015","2012-02-09","12","33","34","20","3","41","43"
"2012016","2012","016","2012-02-12","39","34","9","41","33","7","48"
"2012017","2012","017","2012-02-14","37","10","14","49","39","21","25"
"2012018","2012","018","2012-02-16","25","44","4","12","42","18","8"
"2012019","2012","019","2012-02-18","5","16","41","46","12","17","15"
"2012020","2012","020","2012-02-21","49","1","15","35","11","12","17"
"2012021","2012","021","2012-02-23","47","22","15","5","1","43","37"
"2012022","2012","022","2012-02-25","49","26","27","14","24","12","22"
"2012023","2012","023","2012-02-28","24","8","37","49","28","9","47"
"2012024","2012","024","2012-03-01","31","40","34","30","47","25","13"
"2012025","2012","025","2012-03-03","1","4","8","28","21","3","5"
"2012026","2012","026","2012-03-06","7","36","33","28","3","31","32"
"2012027","2012","027","2012-03-08","3","36","35","5","17","9","43"
"2012028","2012","028","2012-03-11","42","23","48","33","39","10","34"
"2012029","2012","029","2012-03-13","7","26","43","47","8","48","12"
"2012030","2012","030","2012-03-15","34","28","49","4","31","48","6"
"2012031","2012","031","2012-03-17","18","13","23","4","45","6","15"
"2012032","2012","032","2012-03-20","46","13","44","29","11","18","37"
"2012033","2012","033","2012-03-22","2","47","38","48","49","35","41"
"2012034","2012","034","2012-03-24","49","23","35","32","3","43","34"
"2012035","2012","035","2012-03-27","25","17","43","2","7","30","38"
"2012036","2012","036","2012-03-29","21","28","16","10","31","29","8"
"2012037","2012","037","2012-03-31","33","44","30","11","19","37","18"
"2012038","2012","038","2012-04-03","46","21","47","28","20","44","42"
"2012039","2012","039","2012-04-05","17","45","13","15","18","41","14"
"2012040","2012","040","2012-04-07","24","49","3","14","22","34","44"
"2012041","2012","041","2012-04-10","4","47","11","16","42","26","6"
"2012042","2012","042","2012-04-12","16","2","25","28","17","11","41"
"2012043","2012","043","2012-04-14","3","40","15","20","32","19","25"
"2012044","2012","044","2012-04-17","7","6","17","46","35","19","4"
"2012045","2012","045","2012-04-19","41","5","12","13","37","20","23"
"2012046","2012","046","2012-04-22","3","41","21","11","42","1","2"
"2012047","2012","047","2012-04-24","28","17","29","34","31","1","45"
"2012048","2012","048","2012-04-26","17","30","11","7","22","10","14"
"2012049","2012","049","2012-04-28","20","19","17","11","29","32","38"
"2012050","2012","050","2012-05-01","32","33","19","26","5","17","22"
"2012051","2012","051","2012-05-03","46","2","47","49","28","20","3"
"2012052","2012","052","2012-05-05","4","17","11","49","29","39","8"
"2012053","2012","053","2012-05-08","33","9","4","17","34","10","35"
"2012054","2012","054","2012-05-10","17","23","46","32","34","13","41"
"2012055","2012","055","2012-05-13","21","30","34","45","39","16","4"
"2012056","2012","056","2012-05-15","23","14","33","5","22","16","32"
"2012057","2012","057","2012-05-17","27","1","10","15","37","21","40"
"2012058","2012","058","2012-05-20","41","23","47","26","17","3","33"
"2012059","2012","059","2012-05-22","8","1","26","32","22","37","41"
"2012060","2012","060","2012-05-24","2","5","8","40","29","47","34"
"2012061","2012","061","2012-05-26","9","20","10","38","49","22","7"
"2012062","2012","062","2012-05-29","18","8","31","37","22","20","46"
"2012063","2012","063","2012-05-31","9","4","39","47","24","31","38"
"2012064","2012","064","2012-06-02","43","19","47","20","9","14","37"
"2012065","2012","065","2012-06-05","43","21","34","10","26","35","37"
"2012066","2012","066","2012-06-07","39","17","4","48","20","29","9"
"2012067","2012","067","2012-06-10","8","44","37","15","18","39","6"
"2012068","2012","068","2012-06-12","30","16","36","14","7","25","32"
"2012069","2012","069","2012-06-16","7","29","4","6","13","2","9"
"2012070","2012","070","2012-06-19","42","48","26","10","13","40","24"
"2012071","2012","071","2012-06-21","35","2","8","5","13","17","28"
"2012072","2012","072","2012-06-23","34","9","40","14","17","48","39"
"2012073","2012","073","2012-06-26","6","19","26","37","28","49","47"
"2012074","2012","074","2012-06-28","3","36","19","27","6","14","24"
"2012075","2012","075","2012-06-30","10","37","32","28","13","41","1"
"2012076","2012","076","2012-07-03","6","12","14","31","10","38","20"
"2012077","2012","077","2012-07-05","2","24","3","26","11","27","44"
"2012078","2012","078","2012-07-07","22","46","4","1","5","44","37"
"2012079","2012","079","2012-07-10","7","4","13","28","49","36","3"
"2012080","2012","080","2012-07-12","40","33","44","2","39","13","43"
"2012081","2012","081","2012-07-14","24","2","6","41","46","16","27"
"2012082","2012","082","2012-07-17","24","30","11","8","49","17","3"
"2012083","2012","083","2012-07-19","30","46","34","20","9","35","29"
"2012084","2012","084","2012-07-21","19","23","7","45","34","30","13"
"2012085","2012","085","2012-07-24","22","23","15","45","11","10","31"
"2012086","2012","086","2012-07-26","22","11","44","24","9","13","32"
"2012087","2012","087","2012-07-28","18","44","45","25","38","40","5"
"2012088","2012","088","2012-07-31","2","35","23","16","47","10","1"
"2012089","2012","089","2012-08-02","49","9","11","12","22","28","7"
"2012090","2012","090","2012-08-04","42","20","49","15","8","41","12"
"2012091","2012","091","2012-08-07","2","40","9","13","46","44","10"
"2012092","2012","092","2012-08-09","22","13","20","46","10","42","48"
"2012093","2012","093","2012-08-11","5","42","41","31","11","12","16"
"2012094","2012","094","2012-08-14","47","34","16","37","13","2","28"
"2012095","2012","095","2012-08-16","19","5","23","6","13","34","8"
"2012096","2012","096","2012-08-18","7","10","32","34","22","48","45"
"2012097","2012","097","2012-08-21","36","1","12","38","7","17","48"
"2012098","2012","098","2012-08-23","15","13","25","45","28","47","5"
"2012099","2012","099","2012-08-25","21","47","38","7","22","3","27"
"2012100","2012","100","2012-08-28","17","7","49","29","24","47","45"
"2012101","2012","101","2012-08-30","21","11","26","34","7","15","38"
"2012102","2012","102","2012-09-01","21","19","12","15","9","47","38"
"2012103","2012","103","2012-09-04","45","43","24","20","36","34","3"
"2012104","2012","104","2012-09-06","6","38","43","13","41","33","29"
"2012105","2012","105","2012-09-09","4","15","27","34","7","12","37"
"2012106","2012","106","2012-09-11","11","41","25","27","4","39","43"
"2012107","2012","107","2012-09-13","16","22","42","31","20","48","43"
"2012108","2012","108","2012-09-15","27","18","7","21","48","6","42"
"2012109","2012","109","2012-09-18","27","15","43","38","42","26","39"
"2012110","2012","110","2012-09-22","2","49","38","35","33","13","40"
"2012111","2012","111","2012-09-25","1","28","17","4","32","20","47"
"2012112","2012","112","2012-09-27","17","3","40","15","10","1","28"
"2012113","2012","113","2012-09-29","2","17","26","16","8","20","32"
"2012114","2012","114","2012-10-02","33","12","37","24","44","25","13"
"2012115","2012","115","2012-10-07","1","10","47","29","12","13","9"
"2012116","2012","116","2012-10-09","21","22","36","15","27","17","16"
"2012117","2012","117","2012-10-11","46","18","40","11","1","3","35"
"2012118","2012","118","2012-10-13","26","5","11","33","41","6","4"
"2012119","2012","119","2012-10-16","35","27","9","44","39","17","40"
"2012120","2012","120","2012-10-18","10","6","4","16","29","14","26"
"2012121","2012","121","2012-10-20","31","4","19","44","34","37","6"
"2012122","2012","122","2012-10-23","11","29","45","47","28","41","21"
"2012123","2012","123","2012-10-25","40","17","43","23","41","8","28"
"2012124","2012","124","2012-10-27","34","36","26","28","30","39","1"
"2012125","2012","125","2012-10-30","40","1","28","34","20","30","19"
"2012126","2012","126","2012-11-01","18","34","28","24","42","15","2"
"2012127","2012","127","2012-11-03","36","33","46","12","1","48","41"
"2012128","2012","128","2012-11-06","37","39","6","28","8","1","42"
"2012129","2012","129","2012-11-08","47","26","37","44","31","15","43"
"2012130","2012","130","2012-11-11","26","45","47","35","28","9","25"
"2012131","2012","131","2012-11-13","29","5","30","26","25","3","31"
"2012132","2012","132","2012-11-15","46","20","36","41","18","48","21"
"2012133","2012","133","2012-11-17","12","7","24","39","43","48","30"
"2012134","2012","134","2012-11-20","45","2","11","20","37","47","13"
"2012135","2012","135","2012-11-22","49","9","22","26","30","44","31"
"2012136","2012","136","2012-11-24","4","15","2","3","40","23","13"
"2012137","2012","137","2012-11-27","47","8","21","20","34","24","10"
"2012138","2012","138","2012-11-29","13","32","28","17","26","34","6"
"2012139","2012","139","2012-12-01","36","10","17","38","27","16","47"
"2012140","2012","140","2012-12-04","10","18","11","37","47","7","4"
"2012141","2012","141","2012-12-06","1","41","43","6","38","45","48"
"2012142","2012","142","2012-12-08","47","22","34","15","30","33","38"
"2012143","2012","143","2012-12-11","42","49","15","2","28","41","24"
"2012144","2012","144","2012-12-13","42","47","9","6","29","31","14"
"2012145","2012","145","2012-12-15","18","28","41","33","21","47","48"
"2012146","2012","146","2012-12-18","21","8","14","41","48","45","34"
"2012147","2012","147","2012-12-20","36","40","4","34","25","12","49"
"2012148","2012","148","2012-12-23","9","27","34","28","32","43","2"
"2012149","2012","149","2012-12-25","24","46","18","49","23","12","14"
"2012150","2012","150","2012-12-27","47","29","7","44","4","39","23"
"2012151","2012","151","2012-12-29","1","11","33","6","39","9","40"
"2012152","2012","152","2012-12-31","6","48","30","5","25","32","45"
"2013001","2013","001","2013-01-03","48","46","33","32","25","17","39"
"2013002","2013","002","2013-01-08","14","19","29","49","21","20","7"
"2013003","2013","003","2013-01-10","2","45","41","9","24","34","48"
"2013004","2013","004","2013-01-13","6","3","31","49","19","21","7"
"2013005","2013","005","2013-01-15","24","31","27","3","4","7","13"
"2013006","2013","006","2013-01-17","43","44","2","25","8","14","11"
"2013007","2013","007","2013-01-19","31","3","19","21","12","48","26"
"2013008","2013","008","2013-01-22","22","20","4","37","2","30","1"
"2013009","2013","009","2013-01-24","1","49","9","3","2","20","24"
"2013010","2013","010","2013-01-26","29","48","45","42","2","41","5"
"2013011","2013","011","2013-01-29","8","36","44","26","47","20","28"
"2013012","2013","012","2013-01-31","22","16","46","35","38","27","32"
"2013013","2013","013","2013-02-03","2","47","48","23","39","17","22"
"2013014","2013","014","2013-02-05","31","45","19","5","32","34","13"
"2013015","2013","015","2013-02-07","33","12","18","3","22","8","37"
"2013016","2013","016","2013-02-09","47","46","4","35","10","8","32"
"2013017","2013","017","2013-02-14","27","16","24","48","11","36","47"
"2013018","2013","018","2013-02-16","30","3","12","35","37","38","18"
"2013019","2013","019","2013-02-19","19","18","32","44","40","5","34"
"2013020","2013","020","2013-02-21","32","14","22","21","11","49","7"
"2013021","2013","021","2013-02-23","36","19","35","30","12","23","15"
"2013022","2013","022","2013-02-26","36","16","4","15","1","18","21"
"2013023","2013","023","2013-02-28","26","10","28","30","11","23","17"
"2013024","2013","024","2013-03-03","8","31","39","7","35","26","37"
"2013025","2013","025","2013-03-05","36","6","4","43","8","35","5"
"2013026","2013","026","2013-03-07","8","24","35","41","9","39","2"
"2013027","2013","027","2013-03-09","43","9","40","18","24","34","28"
"2013028","2013","028","2013-03-12","17","30","38","15","45","13","4"
"2013029","2013","029","2013-03-14","46","4","16","17","3","15","12"
"2013030","2013","030","2013-03-16","31","9","41","47","45","6","18"
"2013031","2013","031","2013-03-19","15","34","29","12","28","3","8"
"2013032","2013","032","2013-03-21","13","4","42","39","1","22","34"
"2013033","2013","033","2013-03-23","17","6","9","33","42","25","27"
"2013034","2013","034","2013-03-26","40","26","35","15","44","10","11"
"2013035","2013","035","2013-03-28","38","17","44","31","12","45","43"
"2013036","2013","036","2013-03-30","25","6","34","43","19","4","17"
"2013037","2013","037","2013-04-02","46","33","2","31","4","9","5"
"2013038","2013","038","2013-04-04","27","2","7","11","17","15","4"
"2013039","2013","039","2013-04-06","16","41","10","12","48","29","25"
"2013040","2013","040","2013-04-09","28","35","43","2","3","25","39"
"2013041","2013","041","2013-04-11","11","20","24","18","49","29","2"
"2013042","2013","042","2013-04-13","47","8","46","40","16","29","18"
"2013043","2013","043","2013-04-16","21","27","15","43","38","11","48"
"2013044","2013","044","2013-04-18","39","4","22","5","14","17","9"
"2013045","2013","045","2013-04-21","9","15","10","40","33","49","48"
"2013046","2013","046","2013-04-23","7","41","35","29","23","20","6"
"2013047","2013","047","2013-04-25","22","17","14","38","15","48","19"
"2013048","2013","048","2013-04-27","26","7","23","16","4","28","9"
"2013049","2013","049","2013-04-30","18","4","49","30","31","24","36"
"2013050","2013","050","2013-05-02","31","28","5","1","44","46","14"
"2013051","2013","051","2013-05-04","29","40","44","10","1","49","33"
"2013052","2013","052","2013-05-07","29","14","37","9","5","24","36"
"2013053","2013","053","2013-05-09","14","34","16","12","15","22","13"
"2013054","2013","054","2013-05-12","16","20","1","11","6","25","22"
"2013055","2013","055","2013-05-14","44","2","16","19","47","11","27"
"2013056","2013","056","2013-05-16","48","7","42","32","27","18","17"
"2013057","2013","057","2013-05-19","43","48","4","24","30","14","34"
"2013058","2013","058","2013-05-21","11","16","31","18","23","12","36"
"2013059","2013","059","2013-05-23","47","12","24","49","45","27","6"
"2013060","2013","060","2013-05-25","25","10","40","3","8","26","38"
"2013061","2013","061","2013-05-28","1","6","5","25","4","9","27"
"2013062","2013","062","2013-05-30","22","17","27","36","46","15","23"
"2013063","2013","063","2013-06-01","27","1","23","36","49","45","7"
"2013064","2013","064","2013-06-04","40","9","48","26","17","36","2"
"2013065","2013","065","2013-06-06","48","10","16","32","28","20","30"
"2013066","2013","066","2013-06-09","44","42","15","22","24","18","28"
"2013067","2013","067","2013-06-11","1","35","40","39","21","14","5"
"2013068","2013","068","2013-06-13","43","11","3","32","26","35","1"
"2013069","2013","069","2013-06-15","42","27","29","14","45","9","44"
"2013070","2013","070","2013-06-18","9","47","22","31","45","23","39"
"2013071","2013","071","2013-06-20","29","46","11","31","14","16","30"
"2013072","2013","072","2013-06-22","23","40","42","25","46","34","39"
"2013073","2013","073","2013-06-25","35","40","20","38","17","29","22"
"2013074","2013","074","2013-06-27","47","48","16","37","34","42","17"
"2013075","2013","075","2013-06-29","34","1","26","4","37","3","14"
"2013076","2013","076","2013-07-02","45","28","19","43","33","7","13"
"2013077","2013","077","2013-07-06","43","29","6","9","47","27","17"
"2013078","2013","078","2013-07-09","1","15","46","38","4","40","49"
"2013079","2013","079","2013-07-11","38","45","39","14","28","26","8"
"2013080","2013","080","2013-07-13","7","32","18","14","23","46","42"
"2013081","2013","081","2013-07-16","3","18","19","37","47","20","25"
"2013082","2013","082","2013-07-18","14","46","36","18","28","32","44"
"2013083","2013","083","2013-07-21","26","33","17","3","20","47","34"
"2013084","2013","084","2013-07-23","32","28","17","8","6","22","20"
"2013085","2013","085","2013-07-25","49","34","23","27","20","32","30"
"2013086","2013","086","2013-07-27","7","28","1","3","36","22","21"
"2013087","2013","087","2013-07-30","33","44","42","31","12","8","49"
"2013088","2013","088","2013-08-01","8","22","6","20","10","19","42"
"2013089","2013","089","2013-08-03","23","12","6","5","39","38","48"
"2013090","2013","090","2013-08-06","44","11","32","4","15","19","42"
"2013091","2013","091","2013-08-08","13","26","25","23","15","29","9"
"2013092","2013","092","2013-08-10","3","30","41","20","44","10","31"
"2013093","2013","093","2013-08-13","41","6","42","49","31","1","44"
"2013094","2013","094","2013-08-15","42","31","22","10","26","16","23"
"2013095","2013","095","2013-08-17","30","14","9","32","31","49","1"
"2013096","2013","096","2013-08-20","15","31","14","13","46","48","36"
"2013097","2013","097","2013-08-22","1","41","16","49","25","33","46"
"2013098","2013","098","2013-08-24","20","10","6","15","14","3","33"
"2013099","2013","099","2013-08-27","14","9","29","36","30","32","20"
"2013100","2013","100","2013-08-29","38","28","35","25","47","24","16"
"2013101","2013","101","2013-08-31","42","3","6","17","18","43","36"
"2013102","2013","102","2013-09-03","21","39","35","26","25","33","17"
"2013103","2013","103","2013-09-05","49","7","29","22","1","28","37"
"2013104","2013","104","2013-09-07","28","30","18","7","17","10","6"
"2013105","2013","105","2013-09-10","49","39","12","19","8","48","17"
"2013106","2013","106","2013-09-12","14","48","31","26","1","28","36"
"2013107","2013","107","2013-09-14","39","29","47","40","21","6","33"
"2013108","2013","108","2013-09-16","39","22","47","31","45","17","49"
"2013109","2013","109","2013-09-19","45","18","3","49","15","26","41"
"2013110","2013","110","2013-09-21","47","39","22","35","25","36","31"
"2013111","2013","111","2013-09-24","26","13","25","30","29","39","19"
"2013112","2013","112","2013-09-26","11","6","9","3","28","7","34"
"2013113","2013","113","2013-09-28","33","39","49","43","48","40","34"
"2013114","2013","114","2013-09-30","43","44","40","1","11","29","4"
"2013115","2013","115","2013-10-03","26","32","14","41","35","17","15"
"2013116","2013","116","2013-10-05","9","31","29","4","6","36","20"
"2013117","2013","117","2013-10-08","7","3","27","1","6","15","30"
"2013118","2013","118","2013-10-10","16","9","8","38","17","11","20"
"2013119","2013","119","2013-10-13","42","48","24","28","37","35","38"
"2013120","2013","120","2013-10-15","20","41","33","4","46","27","12"
"2013121","2013","121","2013-10-17","1","45","35","24","44","11","49"
"2013122","2013","122","2013-10-19","31","1","44","47","41","10","18"
"2013123","2013","123","2013-10-22","34","49","36","9","5","41","26"
"2013124","2013","124","2013-10-24","10","24","44","43","9","22","30"
"2013125","2013","125","2013-10-26","38","48","47","6","30","15","40"
"2013126","2013","126","2013-10-29","25","34","47","22","1","20","17"
"2013127","2013","127","2013-10-31","43","47","2","29","9","46","21"
"2013128","2013","128","2013-11-02","18","8","29","34","19","31","36"
"2013129","2013","129","2013-11-05","38","4","42","22","25","37","20"
"2013130","2013","130","2013-11-07","9","4","14","26","30","42","21"
"2013131","2013","131","2013-11-10","32","13","35","39","42","31","16"
"2013132","2013","132","2013-11-12","28","49","19","21","47","18","46"
"2013133","2013","133","2013-11-14","8","25","3","34","10","29","32"
"2013134","2013","134","2013-11-16","1","43","8","17","39","32","48"
"2013135","2013","135","2013-11-19","27","49","35","12","47","44","36"
"2013136","2013","136","2013-11-21","6","25","23","8","49","3","4"
"2013137","2013","137","2013-11-23","21","41","30","3","20","18","13"
"2013138","2013","138","2013-11-26","9","31","44","10","34","12","18"
"2013139","2013","139","2013-11-28","3","6","33","34","21","43","9"
"2013140","2013","140","2013-11-30","34","2","45","15","42","19","14"
"2013141","2013","141","2013-12-03","40","39","17","1","29","24","21"
"2013142","2013","142","2013-12-05","26","19","46","16","17","1","29"
"2013143","2013","143","2013-12-07","41","24","26","18","44","5","20"
"2013144","2013","144","2013-12-10","46","17","30","36","1","8","16"
"2013145","2013","145","2013-12-12","34","24","10","19","31","28","27"
"2013146","2013","146","2013-12-14","49","38","15","6","46","14","29"
"2013147","2013","147","2013-12-17","19","33","1","20","8","15","47"
"2013148","2013","148","2013-12-19","4","47","39","31","14","43","27"
"2013149","2013","149","2013-12-22","49","18","43","13","41","12","39"
"2013150","2013","150","2013-12-25","4","47","45","21","49","25","6"
"2013151","2013","151","2013-12-28","32","43","9","42","20","4","5"
"2013152","2013","152","2013-12-31","42","40","44","7","12","9","14"
"2014001","2014","001","2014-01-02","43","38","1","46","36","49","21"
"2014002","2014","002","2014-01-04","31","49","16","32","6","44","43"
"2014003","2014","003","2014-01-07","31","9","38","41","16","30","46"
"2014004","2014","004","2014-01-09","15","28","4","39","45","16","25"
"2014005","2014","005","2014-01-12","36","39","44","16","42","3","17"
"2014006","2014","006","2014-01-14","9","11","33","31","34","27","21"
"2014007","2014","007","2014-01-16","9","37","18","17","16","15","33"
"2014008","2014","008","2014-01-18","28","44","18","17","3","26","38"
"2014009","2014","009","2014-01-21","23","20","34","37","49","8","44"
"2014010","2014","010","2014-01-23","4","18","21","31","27","5","7"
"2014011","2014","011","2014-01-25","38","37","43","5","20","48","6"
"2014012","2014","012","2014-01-28","30","20","37","4","27","31","18"
"2014013","2014","013","2014-01-30","26","36","16","3","2","4","45"
"2014014","2014","014","2014-02-04","49","15","48","11","13","39","37"
"2014015","2014","015","2014-02-06","37","26","27","32","33","45","39"
"2014016","2014","016","2014-02-09","47","20","35","21","37","48","14"
"2014017","2014","017","2014-02-11","29","24","7","27","25","10","19"
"2014018","2014","018","2014-02-13","40","19","46","25","49","23","30"
"2014019","2014","019","2014-02-15","2","32","30","36","14","45","11"
"2014020","2014","020","2014-02-18","21","23","15","34","25","45","35"
"2014021","2014","021","2014-02-20","26","31","5","24","3","40","45"
"2014022","2014","022","2014-02-22","24","35","33","23","29","2","14"
"2014023","2014","023","2014-02-25","8","43","40","39","41","26","5"
"2014024","2014","024","2014-02-27","35","28","9","15","24","5","44"
"2014025","2014","025","2014-03-02","21","46","16","19","11","38","34"
"2014026","2014","026","2014-03-04","27","19","33","3","13","16","22"
"2014027","2014","027","2014-03-06","46","39","27","6","10","20","38"
"2014028","2014","028","2014-03-08","2","16","17","32","24","3","40"
"2014029","2014","029","2014-03-11","33","30","28","6","15","4","27"
"2014030","2014","030","2014-03-13","7","20","19","22","10","17","30"
"2014031","2014","031","2014-03-15","29","46","2","24","21","15","27"
"2014032","2014","032","2014-03-18","42","17","2","48","23","35","27"
"2014033","2014","033","2014-03-20","1","37","9","48","18","25","14"
"2014034","2014","034","2014-03-22","20","34","26","21","11","49","4"
"2014035","2014","035","2014-03-25","36","22","35","44","28","45","6"
"2014036","2014","036","2014-03-27","35","45","49","7","42","23","36"
"2014037","2014","037","2014-03-29","18","24","10","33","12","2","11"
"2014038","2014","038","2014-04-01","36","48","43","49","33","22","25"
"2014039","2014","039","2014-04-03","25","26","4","28","27","9","3"
"2014040","2014","040","2014-04-05","44","39","45","10","19","38","31"
"2014041","2014","041","2014-04-08","24","47","45","11","31","46","6"
"2014042","2014","042","2014-04-10","31","49","18","21","42","4","25"
"2014043","2014","043","2014-04-12","43","45","18","20","28","6","13"
"2014044","2014","044","2014-04-15","41","6","45","14","28","16","27"
"2014045","2014","045","2014-04-17","24","14","12","45","17","23","42"
"2014046","2014","046","2014-04-19","46","47","21","32","20","35","3"
"2014047","2014","047","2014-04-22","29","1","41","12","3","36","14"
"2014048","2014","048","2014-04-24","39","28","40","17","1","32","16"
"2014049","2014","049","2014-04-26","47","9","12","36","27","22","46"
"2014050","2014","050","2014-04-29","26","15","2","8","45","37","14"
"2014051","2014","051","2014-05-01","28","37","1","14","29","43","30"
"2014052","2014","052","2014-05-03","13","30","2","16","6","36","25"
"2014053","2014","053","2014-05-06","10","33","23","39","36","44","30"
"2014054","2014","054","2014-05-08","37","12","39","2","30","10","48"
"2014055","2014","055","2014-05-11","26","38","45","49","16","11","5"
"2014056","2014","056","2014-05-13","35","9","32","20","22","41","8"
"2014057","2014","057","2014-05-15","16","12","24","9","35","34","7"
"2014058","2014","058","2014-05-18","21","37","45","27","9","12","7"
"2014059","2014","059","2014-05-20","10","33","16","44","34","47","6"
"2014060","2014","060","2014-05-22","17","37","31","9","28","35","19"
"2014061","2014","061","2014-05-24","41","2","14","4","39","30","49"
"2014062","2014","062","2014-05-27","30","16","10","34","44","3","1"
"2014063","2014","063","2014-05-29","48","4","26","24","14","19","35"
"2014064","2014","064","2014-05-31","47","28","32","37","2","10","31"
"2014065","2014","065","2014-06-02","39","3","19","13","36","20","15"
"2014066","2014","066","2014-06-04","40","25","33","46","10","11","6"
"2014067","2014","067","2014-06-07","4","8","44","13","19","48","27"
"2014068","2014","068","2014-06-10","30","32","1","35","44","37","40"
"2014069","2014","069","2014-06-12","3","44","21","18","41","45","15"
"2014070","2014","070","2014-06-17","16","23","45","15","4","3","21"
"2014071","2014","071","2014-06-19","30","31","24","44","3","17","7"
"2014072","2014","072","2014-06-21","49","45","17","37","2","40","48"
"2014073","2014","073","2014-06-24","30","31","25","35","18","24","36"
"2014074","2014","074","2014-06-26","42","48","47","20","2","40","28"
"2014075","2014","075","2014-06-29","15","23","46","38","47","26","21"
"2014076","2014","076","2014-07-03","48","17","37","14","43","34","20"
"2014077","2014","077","2014-07-05","36","32","10","38","14","37","47"
"2014078","2014","078","2014-07-08","16","38","4","22","39","27","36"
"2014079","2014","079","2014-07-10","17","25","1","9","22","2","8"
"2014080","2014","080","2014-07-12","11","40","3","49","13","23","43"
"2014081","2014","081","2014-07-15","41","32","9","42","2","5","44"
"2014082","2014","082","2014-07-17","20","28","42","43","1","30","10"
"2014083","2014","083","2014-07-19","48","41","30","9","40","1","49"
"2014084","2014","084","2014-07-22","14","1","16","3","41","24","13"
"2014085","2014","085","2014-07-24","38","4","31","36","5","21","14"
"2014086","2014","086","2014-07-26","17","36","4","1","15","42","40"
"2014087","2014","087","2014-07-29","11","13","31","37","15","47","19"
"2014088","2014","088","2014-07-31","12","35","44","22","48","27","38"
"2014089","2014","089","2014-08-02","42","23","48","26","22","3","28"
"2014090","2014","090","2014-08-05","7","24","29","8","18","5","14"
"2014091","2014","091","2014-08-07","46","32","14","31","36","5","11"
"2014092","2014","092","2014-08-09","15","41","31","1","33","9","37"
"2014093","2014","093","2014-08-12","27","39","31","9","7","36","32"
"2014094","2014","094","2014-08-14","14","49","4","48","8","23","11"
"2014095","2014","095","2014-08-16","42","27","37","23","26","46","15"
"2014096","2014","096","2014-08-19","42","27","2","46","32","5","16"
"2014097","2014","097","2014-08-21","31","10","30","14","29","26","18"
"2014098","2014","098","2014-08-23","14","24","38","32","12","4","13"
"2014099","2014","099","2014-08-26","44","33","25","37","32","29","47"
"2014100","2014","100","2014-08-28","38","17","27","11","24","31","49"
"2014101","2014","101","2014-08-30","15","27","18","24","49","39","6"
"2014102","2014","102","2014-09-02","45","43","37","26","47","28","25"
"2014103","2014","103","2014-09-04","11","34","36","43","14","46","1"
"2014104","2014","104","2014-09-09","7","39","27","36","25","42","31"
"2014105","2014","105","2014-09-13","43","48","3","12","40","49","32"
"2014106","2014","106","2014-09-16","17","22","43","4","34","15","35"
"2014107","2014","107","2014-09-18","45","25","16","27","6","20","29"
"2014108","2014","108","2014-09-20","38","32","48","3","16","40","27"
"2014109","2014","109","2014-09-23","13","28","43","41","12","20","23"
"2014110","2014","110","2014-09-25","48","19","49","42","44","3","38"
"2014111","2014","111","2014-09-28","10","28","6","35","26","12","24"
"2014112","2014","112","2014-09-30","10","16","20","46","39","45","47"
"2014113","2014","113","2014-10-02","10","4","24","29","33","35","7"
"2014114","2014","114","2014-10-04","5","45","14","24","27","22","8"
"2014115","2014","115","2014-10-07","49","33","42","12","13","26","48"
"2014116","2014","116","2014-10-09","12","2","23","46","40","14","39"
"2014117","2014","117","2014-10-11","37","29","35","26","34","47","8"
"2014118","2014","118","2014-10-14","8","5","17","37","1","20","33"
"2014119","2014","119","2014-10-16","34","39","48","4","49","9","18"
"2014120","2014","120","2014-10-18","19","47","22","12","40","36","25"
"2014121","2014","121","2014-10-21","29","6","18","34","17","9","42"
"2014122","2014","122","2014-10-23","11","29","28","41","14","37","19"
"2014123","2014","123","2014-10-25","40","39","41","13","1","43","18"
"2014124","2014","124","2014-10-28","30","37","16","47","26","43","31"
"2014125","2014","125","2014-10-30","49","36","3","47","29","19","33"
"2014126","2014","126","2014-11-01","20","44","26","9","10","11","31"
"2014127","2014","127","2014-11-04","38","30","23","16","29","37","33"
"2014128","2014","128","2014-11-06","29","4","12","14","48","10","3"
"2014129","2014","129","2014-11-08","7","8","32","15","34","39","43"
"2014130","2014","130","2014-11-11","5","49","9","3","48","19","26"
"2014131","2014","131","2014-11-13","36","49","21","42","41","46","6"
"2014132","2014","132","2014-11-16","34","33","15","43","32","7","10"
"2014133","2014","133","2014-11-18","17","2","6","37","49","24","46"
"2014134","2014","134","2014-11-20","33","16","8","46","19","35","12"
"2014135","2014","135","2014-11-22","12","27","32","17","33","2","44"
"2014136","2014","136","2014-11-25","47","6","44","41","35","42","19"
"2014137","2014","137","2014-11-27","2","45","22","20","40","30","44"
"2014138","2014","138","2014-11-29","33","37","7","26","29","32","31"
"2014139","2014","139","2014-12-02","47","27","4","13","49","1","33"
"2014140","2014","140","2014-12-04","1","20","33","27","36","8","35"
"2014141","2014","141","2014-12-06","21","17","40","18","25","48","16"
"2014142","2014","142","2014-12-09","41","3","13","4","29","31","46"
"2014143","2014","143","2014-12-11","32","7","1","35","13","39","31"
"2014144","2014","144","2014-12-13","12","17","48","20","14","40","19"
"2014145","2014","145","2014-12-16","1","42","31","7","14","34","16"
"2014146","2014","146","2014-12-18","8","10","25","6","29","21","33"
"2014147","2014","147","2014-12-21","43","36","37","25","30","2","22"
"2014148","2014","148","2014-12-23","35","1","47","12","4","14","33"
"2014149","2014","149","2014-12-25","19","47","24","46","12","43","30"
"2014150","2014","150","2014-12-27","28","15","31","32","14","48","40"
"2014151","2014","151","2014-12-29","1","40","30","39","25","33","7"
"2014152","2014","152","2014-12-31","32","37","19","25","33","10","27"
"2015001","2015","001","2015-01-03","44","42","15","35","8","31","39"
"2015002","2015","002","2015-01-06","14","16","18","3","49","38","29"
"2015003","2015","003","2015-01-08","8","28","44","18","37","19","13"
"2015004","2015","004","2015-01-11","47","21","10","40","24","33","5"
"2015005","2015","005","2015-01-13","37","40","43","21","27","16","14"
"2015006","2015","006","2015-01-15","14","49","1","43","2","37","24"
"2015007","2015","007","2015-01-17","27","14","25","15","30","16","11"
"2015008","2015","008","2015-01-20","29","13","9","15","5","7","47"
"2015009","2015","009","2015-01-22","42","30","46","8","21","16","32"
"2015010","2015","010","2015-01-24","18","17","26","20","32","31","6"
"2015011","2015","011","2015-01-27","5","10","13","28","35","4","12"
"2015012","2015","012","2015-01-29","29","25","32","6","15","46","9"
"2015013","2015","013","2015-01-31","46","47","14","7","17","5","27"
"2015014","2015","014","2015-02-03","49","43","11","36","47","34","21"
"2015015","2015","015","2015-02-05","22","18","17","13","16","45","10"
"2015016","2015","016","2015-02-08","17","18","5","7","27","48","30"
"2015017","2015","017","2015-02-10","30","23","2","41","34","17","14"
"2015018","2015","018","2015-02-12","31","14","7","10","9","22","35"
"2015019","2015","019","2015-02-14","10","25","21","35","12","2","26"
"2015020","2015","020","2015-02-17","44","22","28","33","14","46","25"
"2015021","2015","021","2015-02-22","42","46","29","28","15","20","35"
"2015022","2015","022","2015-02-24","48","17","32","28","33","18","37"
"2015023","2015","023","2015-02-26","22","20","25","33","12","10","27"
"2015024","2015","024","2015-02-28","23","6","9","43","25","41","38"
"2015025","2015","025","2015-03-03","17","25","46","27","13","49","19"
"2015026","2015","026","2015-03-05","10","38","20","2","6","40","46"
"2015027","2015","027","2015-03-07","32","8","49","6","16","12","37"
"2015028","2015","028","2015-03-10","22","45","1","27","48","18","25"
"2015029","2015","029","2015-03-12","23","14","25","37","24","17","34"
"2015030","2015","030","2015-03-14","29","4","21","37","25","32","27"
"2015031","2015","031","2015-03-17","1","11","5","47","34","23","14"
"2015032","2015","032","2015-03-19","31","30","43","15","17","12","46"
"2015033","2015","033","2015-03-22","26","34","38","7","33","30","5"
"2015034","2015","034","2015-03-24","42","37","2","5","44","13","27"
"2015035","2015","035","2015-03-26","39","6","2","9","49","16","29"
"2015036","2015","036","2015-03-28","37","11","16","29","6","30","34"
"2015037","2015","037","2015-03-31","27","46","10","36","2","5","7"
"2015038","2015","038","2015-04-02","4","42","37","12","20","47","35"
"2015039","2015","039","2015-04-04","26","44","45","29","12","9","19"
"2015040","2015","040","2015-04-06","43","21","46","42","26","24","4"
"2015041","2015","041","2015-04-09","11","34","38","31","37","10","14"
"2015042","2015","042","2015-04-11","19","17","6","20","18","42","25"
"2015043","2015","043","2015-04-14","30","40","35","42","31","48","6"
"2015044","2015","044","2015-04-16","5","20","35","1","39","3","28"
"2015045","2015","045","2015-04-18","31","29","47","41","12","17","38"
"2015046","2015","046","2015-04-21","24","13","48","3","20","43","49"
"2015047","2015","047","2015-04-23","8","4","3","36","7","26","31"
"2015048","2015","048","2015-04-25","19","24","36","12","49","21","23"
"2015049","2015","049","2015-04-28","36","8","28","1","31","45","9"
"2015050","2015","050","2015-04-30","8","36","30","42","6","34","12"
"2015051","2015","051","2015-05-02","16","49","26","10","7","12","40"
"2015052","2015","052","2015-05-05","11","42","43","49","13","41","29"
"2015053","2015","053","2015-05-07","14","21","25","7","3","29","6"
"2015054","2015","054","2015-05-10","2","15","39","44","38","13","8"
"2015055","2015","055","2015-05-12","26","3","15","7","25","47","10"
"2015056","2015","056","2015-05-14","48","5","17","22","34","38","2"
"2015057","2015","057","2015-05-17","36","21","44","32","37","46","47"
"2015058","2015","058","2015-05-19","48","37","27","28","21","33","13"
"2015059","2015","059","2015-05-21","16","19","47","18","36","42","46"
"2015060","2015","060","2015-05-23","43","44","45","5","13","10","7"
"2015061","2015","061","2015-05-26","7","45","42","37","10","15","41"
"2015062","2015","062","2015-05-28","2","47","44","7","23","20","30"
"2015063","2015","063","2015-05-30","42","9","45","36","28","16","2"
"2015064","2015","064","2015-06-02","11","21","38","42","12","15","25"
"2015065","2015","065","2015-06-04","24","49","31","28","39","18","44"
"2015066","2015","066","2015-06-06","22","27","9","11","49","14","44"
"2015067","2015","067","2015-06-09","20","16","7","17","25","12","31"
"2015068","2015","068","2015-06-11","44","35","10","13","38","42","27"
"2015069","2015","069","2015-06-13","26","33","12","24","25","10","23"
"2015070","2015","070","2015-06-16","13","26","44","40","24","16","42"
"2015071","2015","071","2015-06-18","12","46","11","35","24","4","3"
"2015072","2015","072","2015-06-20","34","16","12","48","31","42","37"
"2015073","2015","073","2015-06-23","33","42","26","3","10","46","44"
"2015074","2015","074","2015-06-25","40","28","49","26","1","5","15"
"2015075","2015","075","2015-06-28","43","41","9","8","33","18","15"
"2015076","2015","076","2015-06-30","21","27","12","14","38","43","15"
"2015077","2015","077","2015-07-02","11","4","48","44","23","32","49"
"2015078","2015","078","2015-07-04","47","34","9","32","24","43","35"
"2015079","2015","079","2015-07-07","40","28","29","38","19","9","33"
"2015080","2015","080","2015-07-11","17","22","5","28","2","27","37"
"2015081","2015","081","2015-07-14","7","10","13","38","20","8","5"
"2015082","2015","082","2015-07-16","38","35","22","18","23","16","25"
"2015083","2015","083","2015-07-18","20","23","13","24","46","47","39"
"2015084","2015","084","2015-07-21","42","41","15","19","14","4","10"
"2015085","2015","085","2015-07-23","45","49","40","33","10","43","38"
"2015086","2015","086","2015-07-26","15","11","28","30","4","26","13"
"2015087","2015","087","2015-07-28","32","25","33","35","34","12","45"
"2015088","2015","088","2015-07-30","11","48","24","17","5","4","46"
"2015089","2015","089","2015-08-01","32","47","14","31","28","20","18"
"2015090","2015","090","2015-08-04","15","13","5","9","21","23","12"
"2015091","2015","091","2015-08-06","23","41","40","22","42","35","16"
"2015092","2015","092","2015-08-08","12","25","46","10","42","19","37"
"2015093","2015","093","2015-08-11","27","26","47","22","28","36","12"
"2015094","2015","094","2015-08-13","21","24","22","8","4","1","46"
"2015095","2015","095","2015-08-15","2","6","30","33","25","13","20"
"2015096","2015","096","2015-08-18","43","17","49","7","34","41","1"
"2015097","2015","097","2015-08-20","18","4","44","5","23","32","6"
"2015098","2015","098","2015-08-22","32","2","37","36","26","31","12"
"2015099","2015","099","2015-08-25","41","42","39","16","15","3","36"
"2015100","2015","100","2015-08-27","29","9","39","13","30","45","48"
"2015101","2015","101","2015-08-29","9","32","37","39","22","28","47"
"2015102","2015","102","2015-09-01","31","10","5","36","8","6","17"
"2015103","2015","103","2015-09-03","16","45","34","12","36","42","41"
"2015104","2015","104","2015-09-05","15","40","26","36","20","16","46"
"2015105","2015","105","2015-09-08","22","4","41","1","13","32","26"
"2015106","2015","106","2015-09-10","11","1","36","13","35","23","34"
"2015107","2015","107","2015-09-12","5","38","21","25","13","40","17"
"2015108","2015","108","2015-09-15","5","22","17","25","27","3","46"
"2015109","2015","109","2015-09-17","9","41","4","17","1","35","37"
"2015110","2015","110","2015-09-22","25","43","11","2","36","12","10"
"2015111","2015","111","2015-09-24","10","16","15","24","4","28","49"
"2015112","2015","112","2015-09-26","37","43","6","18","16","15","2"
"2015113","2015","113","2015-09-30","46","28","10","23","9","37","34"
"2015114","2015","114","2015-10-03","39","30","16","10","40","8","6"
"2015115","2015","115","2015-10-06","32","2","22","7","9","46","26"
"2015116","2015","116","2015-10-08","17","40","8","28","34","39","14"
"2015117","2015","117","2015-10-11","22","36","46","4","35","21","40"
"2015118","2015","118","2015-10-13","34","30","4","33","1","22","26"
"2015119","2015","119","2015-10-15","17","30","34","18","33","26","29"
"2015120","2015","120","2015-10-17","33","48","2","19","12","34","24"
"2015121","2015","121","2015-10-19","46","15","38","39","7","11","25"
"2015122","2015","122","2015-10-21","25","48","16","40","14","1","17"
"2015123","2015","123","2015-10-24","27","34","18","45","35","28","2"
"2015124","2015","124","2015-10-27","33","20","22","44","31","39","10"
"2015125","2015","125","2015-10-29","31","22","5","46","4","6","47"
"2015126","2015","126","2015-10-31","28","4","48","37","10","42","8"
"2015127","2015","127","2015-11-03","38","12","25","7","13","34","15"
"2015128","2015","128","2015-11-05","25","44","11","5","27","10","7"
"2015129","2015","129","2015-11-07","6","16","34","44","48","27","1"
"2015130","2015","130","2015-11-10","47","4","43","28","42","14","3"
"2015131","2015","131","2015-11-12","10","24","28","45","33","20","19"
"2015132","2015","132","2015-11-15","13","15","45","28","41","24","20"
"2015133","2015","133","2015-11-17","33","13","47","31","35","12","21"
"2015134","2015","134","2015-11-19","15","40","41","13","48","25","19"
"2015135","2015","135","2015-11-22","33","30","38","20","39","9","37"
"2015136","2015","136","2015-11-24","44","17","21","41","36","22","38"
"2015137","2015","137","2015-11-26","44","10","39","17","25","26","7"
"2015138","2015","138","2015-11-28","31","25","28","24","15","21","48"
"2015139","2015","139","2015-12-01","8","10","33","22","9","40","28"
"2015140","2015","140","2015-12-03","42","14","41","4","44","11","10"
"2015141","2015","141","2015-12-05","19","16","35","6","34","46","9"
"2015142","2015","142","2015-12-08","49","25","10","9","40","48","32"
"2015143","2015","143","2015-12-10","9","29","24","47","32","34","42"
"2015144","2015","144","2015-12-12","16","42","44","27","35","18","33"
"2015145","2015","145","2015-12-15","18","41","40","48","49","22","42"
"2015146","2015","146","2015-12-17","20","36","24","18","45","44","39"
"2015147","2015","147","2015-12-20","43","45","20","16","6","11","21"
"2015148","2015","148","2015-12-22","44","36","38","11","28","48","26"
"2015149","2015","149","2015-12-24","18","20","12","33","47","28","25"
"2015150","2015","150","2015-12-26","37","1","8","42","47","33","7"
"2015151","2015","151","2015-12-29","30","38","33","20","3","5","28"
"2015152","2015","152","2015-12-31","22","24","11","25","2","12","3"
"2016001","2016","001","2016-01-02","6","34","8","41","32","11","47"
"2016002","2016","002","2016-01-05","18","45","2","5","7","30","11"
"2016003","2016","003","2016-01-07","29","11","9","47","43","6","8"
"2016004","2016","004","2016-01-10","15","8","30","45","18","4","38"
"2016005","2016","005","2016-01-12","8","13","44","45","35","15","47"
"2016006","2016","006","2016-01-14","23","49","32","2","1","10","26"
"2016007","2016","007","2016-01-16","2","6","1","43","37","40","24"
"2016008","2016","008","2016-01-19","39","25","30","8","20","18","13"
"2016009","2016","009","2016-01-21","33","40","47","2","12","45","9"
"2016010","2016","010","2016-01-23","14","32","23","8","12","7","5"
"2016011","2016","011","2016-01-26","9","40","5","27","22","26","13"
"2016012","2016","012","2016-01-28","30","48","8","42","34","20","36"
"2016013","2016","013","2016-01-30","1","39","29","32","44","5","4"
"2016014","2016","014","2016-02-02","36","28","34","18","33","30","2"
"2016015","2016","015","2016-02-04","7","38","13","35","15","45","32"
"2016016","2016","016","2016-02-07","11","21","13","19","15","29","41"
"2016017","2016","017","2016-02-11","4","35","3","30","47","17","10"
"2016018","2016","018","2016-02-13","43","8","36","14","29","24","31"
"2016019","2016","019","2016-02-16","42","43","22","34","21","18","24"
"2016020","2016","020","2016-02-18","20","41","38","13","45","39","46"
"2016021","2016","021","2016-02-20","47","49","39","20","44","12","45"
"2016022","2016","022","2016-02-23","15","27","45","44","9","24","47"
"2016023","2016","023","2016-02-25","3","47","22","45","24","6","7"
"2016024","2016","024","2016-02-28","27","6","11","20","44","9","42"
"2016025","2016","025","2016-03-01","30","21","11","16","19","33","31"
"2016026","2016","026","2016-03-03","16","5","45","7","2","1","33"
"2016027","2016","027","2016-03-05","29","48","49","17","26","32","40"
"2016028","2016","028","2016-03-08","16","34","4","30","3","39","14"
"2016029","2016","029","2016-03-10","9","48","30","33","24","14","43"
"2016030","2016","030","2016-03-12","41","23","49","36","33","3","2"
"2016031","2016","031","2016-03-15","1","6","41","19","28","26","39"
"2016032","2016","032","2016-03-17","8","16","15","3","17","38","35"
"2016033","2016","033","2016-03-19","25","23","39","35","42","43","14"
"2016034","2016","034","2016-03-22","5","18","49","24","10","27","39"
"2016035","2016","035","2016-03-24","21","35","18","25","16","46","13"
"2016036","2016","036","2016-03-26","38","47","24","44","17","46","27"
"2016037","2016","037","2016-03-29","22","9","31","13","12","30","28"
"2016038","2016","038","2016-04-02","34","6","29","45","36","4","47"
"2016039","2016","039","2016-04-05","10","43","21","35","30","4","7"
"2016040","2016","040","2016-04-07","8","45","34","21","25","32","31"
"2016041","2016","041","2016-04-09","43","6","3","38","44","13","31"
"2016042","2016","042","2016-04-12","33","48","21","46","28","25","10"
"2016043","2016","043","2016-04-14","46","27","25","21","44","14","3"
"2016044","2016","044","2016-04-17","28","35","45","46","24","16","38"
"2016045","2016","045","2016-04-19","48","5","30","45","34","8","3"
"2016046","2016","046","2016-04-21","3","15","5","39","41","14","21"
"2016047","2016","047","2016-04-23","46","2","16","35","10","47","49"
"2016048","2016","048","2016-04-26","25","28","3","45","1","27","12"
"2016049","2016","049","2016-04-30","44","28","20","49","11","29","40"
"2016050","2016","050","2016-05-05","36","27","12","7","15","6","29"
"2016051","2016","051","2016-05-10","40","20","26","28","32","45","43"
"2016052","2016","052","2016-05-12","27","49","12","20","4","19","21"
"2016053","2016","053","2016-05-15","25","2","46","11","28","36","42"
"2016054","2016","054","2016-05-17","23","24","19","40","1","32","35"
"2016055","2016","055","2016-05-19","37","2","20","39","8","24","18"
"2016056","2016","056","2016-05-21","44","23","25","6","13","48","11"
"2016057","2016","057","2016-05-24","35","34","33","14","18","46","42"
"2016058","2016","058","2016-05-26","36","15","46","48","9","38","22"
"2016059","2016","059","2016-05-28","21","36","23","33","42","32","20"
"2016060","2016","060","2016-05-31","24","38","39","21","36","44","49"
"2016061","2016","061","2016-06-02","19","3","34","26","24","4","38"
"2016062","2016","062","2016-06-04","16","8","38","21","32","48","11"
"2016063","2016","063","2016-06-06","12","5","49","20","8","2","47"
"2016064","2016","064","2016-06-08","13","4","34","48","36","42","19"
"2016065","2016","065","2016-06-11","23","14","10","40","29","42","11"
"2016066","2016","066","2016-06-14","49","30","36","13","44","15","37"
"2016067","2016","067","2016-06-16","48","45","19","22","29","27","4"
"2016068","2016","068","2016-06-18","8","12","4","5","34","37","24"
"2016069","2016","069","2016-06-21","9","39","20","21","10","38","49"
"2016070","2016","070","2016-06-23","9","35","48","49","21","6","29"
"2016071","2016","071","2016-06-25","15","38","42","43","22","10","18"
"2016072","2016","072","2016-06-28","30","7","32","23","13","48","36"
"2016073","2016","073","2016-06-30","16","5","6","2","7","29","35"
"2016074","2016","074","2016-07-02","16","2","33","37","8","32","5"
"2016075","2016","075","2016-07-05","17","6","13","1","44","34","38"
"2016076","2016","076","2016-07-07","14","31","44","21","38","13","22"
"2016077","2016","077","2016-07-09","7","19","20","31","30","28","29"
"2016078","2016","078","2016-07-12","31","32","45","12","20","35","18"
"2016079","2016","079","2016-07-14","36","21","16","38","47","30","48"
"2016080","2016","080","2016-07-16","34","16","24","2","7","1","36"
"2016081","2016","081","2016-07-19","7","27","46","47","21","33","4"
"2016082","2016","082","2016-07-22","41","10","44","11","46","22","35"
"2016083","2016","083","2016-07-24","31","11","39","44","26","18","24"
"2016084","2016","084","2016-07-26","3","49","14","17","21","28","12"
"2016085","2016","085","2016-07-28","47","12","35","39","20","24","15"
"2016086","2016","086","2016-07-30","33","9","48","35","29","21","28"
"2016087","2016","087","2016-08-02","12","11","19","7","21","39","49"
"2016088","2016","088","2016-08-04","41","10","47","45","16","34","7"
"2016089","2016","089","2016-08-06","40","2","23","17","36","32","3"
"2016090","2016","090","2016-08-09","5","13","34","39","22","9","40"
"2016091","2016","091","2016-08-11","30","23","38","10","19","11","13"
"2016092","2016","092","2016-08-13","23","44","11","47","3","4","24"
"2016093","2016","093","2016-08-16","5","46","14","20","12","27","26"
"2016094","2016","094","2016-08-18","20","45","46","17","22","3","30"
"2016095","2016","095","2016-08-20","3","28","15","48","2","46","33"
"2016096","2016","096","2016-08-23","43","44","16","14","25","24","3"
"2016097","2016","097","2016-08-25","47","20","35","40","4","34","3"
"2016098","2016","098","2016-08-27","13","3","6","37","24","43","30"
"2016099","2016","099","2016-08-30","31","42","21","34","14","20","25"
"2016100","2016","100","2016-09-01","49","8","30","11","13","34","2"
"2016101","2016","101","2016-09-04","38","25","8","26","43","28","22"
"2016102","2016","102","2016-09-06","15","33","43","41","11","48","27"
"2016103","2016","103","2016-09-08","4","3","48","26","45","5","14"
"2016104","2016","104","2016-09-11","38","32","46","16","7","37","22"
"2016105","2016","105","2016-09-13","49","1","38","19","21","13","23"
"2016106","2016","106","2016-09-15","25","49","34","35","24","44","30"
"2016107","2016","107","2016-09-17","21","18","42","25","3","31","26"
"2016108","2016","108","2016-09-20","19","44","41","16","27","4","25"
"2016109","2016","109","2016-09-22","47","5","44","43","38","30","14"
"2016110","2016","110","2016-09-24","34","44","43","1","20","17","42"
"2016111","2016","111","2016-09-27","23","16","28","12","19","32","27"
"2016112","2016","112","2016-09-30","48","41","20","14","33","28","40"
"2016113","2016","113","2016-10-02","46","7","34","21","8","22","6"
"2016114","2016","114","2016-10-04","28","6","40","38","2","10","30"
"2016115","2016","115","2016-10-06","19","5","48","11","33","13","34"
"2016116","2016","116","2016-10-09","36","45","49","28","12","26","9"
"2016117","2016","117","2016-10-11","19","24","36","16","28","42","13"
"2016118","2016","118","2016-10-13","16","40","27","2","9","32","46"
"2016119","2016","119","2016-10-15","40","28","27","12","7","18","10"
"2016120","2016","120","2016-10-18","28","27","30","8","41","38","12"
"2016121","2016","121","2016-10-20","7","45","28","2","15","4","19"
"2016122","2016","122","2016-10-22","3","13","43","20","12","33","35"
"2016123","2016","123","2016-10-25","22","29","17","8","7","12","14"
"2016124","2016","124","2016-10-27","35","16","8","44","17","34","41"
"2016125","2016","125","2016-10-29","26","32","38","47","22","43","42"
"2016126","2016","126","2016-11-01","2","36","33","21","1","31","8"
"2016127","2016","127","2016-11-03","38","14","22","18","30","6","47"
"2016128","2016","128","2016-11-05","9","39","31","46","42","12","48"
"2016129","2016","129","2016-11-08","3","11","6","5","42","34","28"
"2016130","2016","130","2016-11-10","17","46","3","39","49","38","37"
"2016131","2016","131","2016-11-13","2","16","27","34","41","29","42"
"2016132","2016","132","2016-11-15","18","15","17","10","27","40","26"
"2016133","2016","133","2016-11-17","45","28","18","5","30","26","33"
"2016134","2016","134","2016-11-19","42","6","37","2","24","23","32"
"2016135","2016","135","2016-11-22","13","40","16","12","38","18","5"
"2016136","2016","136","2016-11-24","49","3","24","9","38","31","41"
"2016137","2016","137","2016-11-26","2","1","4","3","10","7","33"
"2016138","2016","138","2016-11-29","11","22","4","49","18","24","25"
"2016139","2016","139","2016-12-01","15","24","37","21","9","18","16"
"2016140","2016","140","2016-12-03","47","23","30","13","8","48","7"
"2016141","2016","141","2016-12-06","32","3","49","29","17","7","11"
"2016142","2016","142","2016-12-08","39","37","24","9","26","28","29"
"2016143","2016","143","2016-12-10","34","22","33","7","39","32","45"
"2016144","2016","144","2016-12-13","14","44","26","38","7","31","37"
"2016145","2016","145","2016-12-15","19","34","33","15","20","32","23"
"2016146","2016","146","2016-12-18","10","28","26","21","38","3","29"
"2016147","2016","147","2016-12-20","32","28","37","34","48","5","39"
"2016148","2016","148","2016-12-23","16","14","4","25","35","32","47"
"2016149","2016","149","2016-12-25","10","43","26","3","4","37","41"
"2016150","2016","150","2016-12-29","21","2","11","17","13","15","26"
"2016151","2016","151","2016-12-31","9","8","28","17","15","12","33"
"2017001","2017","001","2017-01-03","22","29","37","11","4","46","18"
"2017002","2017","002","2017-01-05","5","36","20","14","49","21","39"
"2017003","2017","003","2017-01-07","10","14","7","29","45","46","19"
"2017004","2017","004","2017-01-10","26","14","2","39","7","38","12"
"2017005","2017","005","2017-01-12","43","30","27","40","18","25","6"
"2017006","2017","006","2017-01-15","44","22","37","48","6","1","35"
"2017007","2017","007","2017-01-17","42","47","27","26","28","36","33"
"2017008","2017","008","2017-01-19","23","43","1","13","35","2","18"
"2017009","2017","009","2017-01-21","8","49","37","28","27","38","33"
"2017010","2017","010","2017-01-24","27","23","2","5","43","36","20"
"2017011","2017","011","2017-01-26","13","24","29","44","31","28","10"
"2017012","2017","012","2017-01-28","30","40","34","8","25","15","42"
"2017013","2017","013","2017-02-01","23","14","35","13","29","18","45"
"2017014","2017","014","2017-02-04","40","7","14","25","28","33","26"
"2017015","2017","015","2017-02-07","6","22","25","11","33","32","24"
"2017016","2017","016","2017-02-09","45","12","3","13","24","19","40"
"2017017","2017","017","2017-02-12","21","7","30","26","47","38","15"
"2017018","2017","018","2017-02-14","43","46","28","21","14","16","26"
"2017019","2017","019","2017-02-16","34","23","41","44","8","5","7"
"2017020","2017","020","2017-02-18","5","8","17","12","20","37","45"
"2017021","2017","021","2017-02-21","29","32","13","1","44","7","20"
"2017022","2017","022","2017-02-23","46","32","34","15","16","13","10"
"2017023","2017","023","2017-02-25","26","25","20","4","12","19","8"
"2017024","2017","024","2017-02-28","44","20","24","42","34","15","7"
"2017025","2017","025","2017-03-02","13","6","31","45","43","42","34"
"2017026","2017","026","2017-03-04","29","10","22","18","32","23","45"
"2017027","2017","027","2017-03-07","14","18","19","2","43","40","42"
"2017028","2017","028","2017-03-09","44","35","41","25","19","17","26"
"2017029","2017","029","2017-03-11","32","4","20","1","39","27","15"
"2017030","2017","030","2017-03-14","36","44","2","35","32","33","48"
"2017031","2017","031","2017-03-16","19","11","48","40","1","2","4"
"2017032","2017","032","2017-03-18","46","2","23","17","13","30","8"
"2017033","2017","033","2017-03-21","20","46","8","12","37","25","2"
"2017034","2017","034","2017-03-23","5","41","33","47","14","17","16"
"2017035","2017","035","2017-03-25","9","48","23","10","30","38","16"
"2017036","2017","036","2017-03-28","40","2","35","9","36","21","44"
"2017037","2017","037","2017-03-30","18","48","21","38","19","30","7"
"2017038","2017","038","2017-04-01","20","34","44","36","7","17","23"
"2017039","2017","039","2017-04-04","41","3","9","40","19","33","26"
"2017040","2017","040","2017-04-06","46","4","21","45","39","24","40"
"2017041","2017","041","2017-04-08","11","30","27","14","2","20","19"
"2017042","2017","042","2017-04-11","31","17","22","29","30","14","38"
"2017043","2017","043","2017-04-13","25","10","26","38","4","49","34"
"2017044","2017","044","2017-04-15","1","29","33","4","5","44","39"
"2017045","2017","045","2017-04-18","4","18","10","11","29","38","28"
"2017046","2017","046","2017-04-22","11","34","9","29","23","1","6"
"2017047","2017","047","2017-04-25","49","22","46","1","21","45","14"
"2017048","2017","048","2017-04-27","17","49","48","16","21","42","37"
"2017049","2017","049","2017-04-29","5","31","48","14","8","22","33"
"2017050","2017","050","2017-05-02","41","20","1","27","31","22","2"
"2017051","2017","051","2017-05-04","32","36","46","17","4","21","27"
"2017052","2017","052","2017-05-06","9","3","35","13","34","1","27"
"2017053","2017","053","2017-05-09","22","31","6","45","23","36","12"
"2017054","2017","054","2017-05-11","46","38","16","22","9","40","11"
"2017055","2017","055","2017-05-14","12","33","7","18","27","1","20"
"2017056","2017","056","2017-05-16","7","5","15","10","1","9","3"
"2017057","2017","057","2017-05-18","20","28","11","7","49","41","32"
"2017058","2017","058","2017-05-20","17","3","2","48","34","38","14"
"2017059","2017","059","2017-05-23","46","29","7","13","17","23","49"
"2017060","2017","060","2017-05-25","40","48","39","27","23","26","7"
"2017061","2017","061","2017-05-27","5","18","43","22","7","33","27"
"2017062","2017","062","2017-05-30","37","38","27","32","14","18","1"
"2017063","2017","063","2017-06-01","23","28","45","18","36","4","33"
"2017064","2017","064","2017-06-03","33","24","15","25","40","11","42"
"2017065","2017","065","2017-06-06","30","47","49","26","24","8","35"
"2017066","2017","066","2017-06-08","11","23","8","29","15","24","6"
"2017067","2017","067","2017-06-10","23","1","18","13","30","44","42"
"2017068","2017","068","2017-06-13","34","21","49","46","27","23","44"
"2017069","2017","069","2017-06-15","19","2","5","1","12","18","44"
"2017070","2017","070","2017-06-17","9","34","42","39","49","46","32"
"2017071","2017","071","2017-06-20","15","20","45","35","25","18","34"
"2017072","2017","072","2017-06-22","31","49","20","21","18","27","45"
"2017073","2017","073","2017-06-24","30","3","28","42","32","37","11"
"2017074","2017","074","2017-06-27","12","24","48","40","30","44","8"
"2017075","2017","075","2017-06-29","29","11","37","16","27","26","19"
"2017076","2017","076","2017-07-02","9","39","4","33","27","42","35"
"2017077","2017","077","2017-07-04","15","5","38","27","26","2","18"
"2017078","2017","078","2017-07-06","30","7","2","8","10","6","28"
"2017079","2017","079","2017-07-08","21","8","36","11","3","48","37"
"2017080","2017","080","2017-07-11","43","22","45","1","20","11","35"
"2017081","2017","081","2017-07-13","29","4","41","27","25","5","18"
"2017082","2017","082","2017-07-15","29","43","48","35","42","34","26"
"2017083","2017","083","2017-07-18","14","6","32","40","46","33","10"
"2017084","2017","084","2017-07-20","12","25","9","34","5","26","21"
"2017085","2017","085","2017-07-22","36","4","6","27","47","49","3"
"2017086","2017","086","2017-07-25","8","33","15","47","37","9","1"
"2017087","2017","087","2017-07-27","42","37","3","44","31","4","40"
"2017088","2017","088","2017-07-30","37","30","15","11","43","25","17"
"2017089","2017","089","2017-08-01","37","25","26","36","32","10","46"
"2017090","2017","090","2017-08-03","24","18","6","35","40","22","36"
"2017091","2017","091","2017-08-05","35","14","48","32","39","25","31"
"2017092","2017","092","2017-08-08","10","25","8","37","28","33","7"
"2017093","2017","093","2017-08-10","22","18","25","33","32","42","29"
"2017094","2017","094","2017-08-12","4","3","15","45","38","25","28"
"2017095","2017","095","2017-08-15","4","20","7","3","19","23","27"
"2017096","2017","096","2017-08-17","44","5","21","29","24","43","42"
"2017097","2017","097","2017-08-19","34","2","32","43","45","23","22"
"2017098","2017","098","2017-08-22","4","33","23","40","43","24","15"
"2017099","2017","099","2017-08-24","4","47","21","10","7","28","17"
"2017100","2017","100","2017-08-26","34","36","35","16","46","40","31"
"2017101","2017","101","2017-08-29","12","34","24","26","48","44","4"
"2017102","2017","102","2017-08-31","17","37","33","12","25","18","29"
"2017103","2017","103","2017-09-02","5","27","1","24","11","23","15"
"2017104","2017","104","2017-09-05","30","8","1","2","43","39","19"
"2017105","2017","105","2017-09-07","46","27","41","10","19","29","17"
"2017106","2017","106","2017-09-09","4","23","39","29","18","7","49"
"2017107","2017","107","2017-09-12","38","49","30","21","23","44","37"
"2017108","2017","108","2017-09-14","41","25","42","49","26","34","1"
"2017109","2017","109","2017-09-17","23","36","16","47","3","12","33"
"2017110","2017","110","2017-09-19","11","34","7","12","36","30","17"
"2017111","2017","111","2017-09-21","39","1","4","32","5","3","10"
"2017112","2017","112","2017-09-23","25","22","36","1","30","13","4"
"2017113","2017","113","2017-09-26","2","31","27","33","19","10","16"
"2017114","2017","114","2017-09-28","7","24","26","45","39","18","44"
"2017115","2017","115","2017-09-30","11","19","49","20","2","33","6"
"2017116","2017","116","2017-10-02","46","8","22","35","19","1","30"
"2017117","2017","117","2017-10-04","22","23","46","10","26","16","25"
"2017118","2017","118","2017-10-07","45","48","3","38","6","24","5"
"2017119","2017","119","2017-10-10","22","26","6","17","45","32","24"
"2017120","2017","120","2017-10-12","6","16","11","1","8","12","41"
"2017121","2017","121","2017-10-17","2","30","4","35","47","19","25"
"2017122","2017","122","2017-10-19","24","49","28","19","12","8","37"
"2017123","2017","123","2017-10-21","43","8","45","30","18","16","27"
"2017124","2017","124","2017-10-24","16","9","29","8","1","42","49"
"2017125","2017","125","2017-10-26","38","4","29","35","20","5","36"
"2017126","2017","126","2017-10-28","16","18","7","44","26","22","9"
"2017127","2017","127","2017-10-31","49","21","26","35","45","29","41"
"2017128","2017","128","2017-11-02","20","40","5","32","36","18","7"
"2017129","2017","129","2017-11-04","32","30","23","33","43","44","28"
"2017130","2017","130","2017-11-07","19","40","35","18","3","38","48"
"2017131","2017","131","2017-11-09","46","32","49","3","36","48","29"
"2017132","2017","132","2017-11-12","28","37","22","16","12","36","45"
"2017133","2017","133","2017-11-14","28","1","20","33","43","15","18"
"2017134","2017","134","2017-11-16","34","46","40","20","8","3","24"
"2017135","2017","135","2017-11-18","26","24","30","19","41","36","43"
"2017136","2017","136","2017-11-21","8","36","43","35","27","30","31"
"2017137","2017","137","2017-11-23","4","37","42","39","30","3","32"
"2017138","2017","138","2017-11-25","5","28","16","40","13","41","2"
"2017139","2017","139","2017-11-28","9","23","6","40","36","8","19"
"2017140","2017","140","2017-11-30","10","38","47","4","32","35","49"
"2017141","2017","141","2017-12-02","27","14","38","7","19","28","46"
"2017142","2017","142","2017-12-05","20","44","9","14","18","7","29"
"2017143","2017","143","2017-12-07","25","39","47","37","34","1","18"
"2017144","2017","144","2017-12-09","22","48","38","24","35","29","30"
"2017145","2017","145","2017-12-12","48","38","15","29","34","4","30"
"2017146","2017","146","2017-12-14","7","34","10","35","25","20","8"
"2017147","2017","147","2017-12-16","24","6","3","28","9","1","36"
"2017148","2017","148","2017-12-19","44","49","38","33","9","3","24"
"2017149","2017","149","2017-12-21","47","30","21","28","14","22","3"
"2017150","2017","150","2017-12-24","34","39","47","1","16","26","11"
"2017151","2017","151","2017-12-26","37","2","7","30","16","28","12"
"2017152","2017","152","2017-12-28","46","15","40","44","17","23","11"
"2017153","2017","153","2017-12-30","13","1","25","38","36","22","37"
"2018001","2018","001","2018-01-02","28","42","18","39","12","35","36"
"2018002","2018","002","2018-01-06","1","36","31","49","12","21","23"
"2018003","2018","003","2018-01-11","47","49","31","29","3","43","19"
"2018004","2018","004","2018-01-16","27","37","2","36","21","30","4"
"2018005","2018","005","2018-01-20","5","23","27","24","2","34","8"
"2018006","2018","006","2018-01-23","41","27","32","37","20","3","44"
"2018007","2018","007","2018-01-25","47","14","40","3","36","23","20"
"2018008","2018","008","2018-01-27","45","26","17","43","33","8","40"
"2018009","2018","009","2018-01-30","40","4","7","11","49","12","25"
"2018010","2018","010","2018-02-01","47","20","23","49","26","29","39"
"2018011","2018","011","2018-02-03","49","12","4","25","2","40","8"
"2018012","2018","012","2018-02-06","28","35","3","48","26","19","32"
"2018013","2018","013","2018-02-08","13","37","28","22","16","41","34"
"2018014","2018","014","2018-02-11","33","9","45","1","2","27","38"
"2018015","2018","015","2018-02-13","42","27","9","32","18","2","12"
"2018016","2018","016","2018-02-15","43","32","21","45","1","19","34"
"2018017","2018","017","2018-02-20","44","3","42","5","25","43","2"
"2018018","2018","018","2018-02-22","12","4","39","20","19","30","5"
"2018019","2018","019","2018-02-24","45","34","17","42","20","38","5"
"2018020","2018","020","2018-02-27","43","31","24","13","28","41","16"
"2018021","2018","021","2018-03-01","29","18","17","15","14","2","1"
"2018022","2018","022","2018-03-04","28","11","6","10","43","23","21"
"2018023","2018","023","2018-03-06","37","17","19","11","35","2","20"
"2018024","2018","024","2018-03-08","6","48","44","43","1","30","7"
"2018025","2018","025","2018-03-10","18","26","19","7","39","27","2"
"2018026","2018","026","2018-03-13","34","16","25","20","42","5","2"
"2018027","2018","027","2018-03-15","35","25","16","38","13","49","33"
"2018028","2018","028","2018-03-17","33","6","47","40","4","23","30"
"2018029","2018","029","2018-03-20","22","42","3","29","45","27","10"
"2018030","2018","030","2018-03-22","18","46","21","10","33","29","36"
"2018031","2018","031","2018-03-24","12","23","45","19","28","35","6"
"2018032","2018","032","2018-03-29","5","24","30","27","47","12","43"
"2018033","2018","033","2018-03-31","16","13","19","18","9","34","21"
"2018034","2018","034","2018-04-03","41","49","31","46","21","29","36"
"2018035","2018","035","2018-04-05","39","19","40","24","29","42","30"
"2018036","2018","036","2018-04-07","31","4","20","23","43","27","3"
"2018037","2018","037","2018-04-10","15","43","48","34","1","23","25"
"2018038","2018","038","2018-04-12","1","11","41","37","2","9","18"
"2018039","2018","039","2018-04-14","40","12","14","36","38","15","42"
"2018040","2018","040","2018-04-17","8","3","16","22","32","28","24"
"2018041","2018","041","2018-04-19","49","33","20","40","45","21","43"
"2018042","2018","042","2018-04-22","44","28","10","14","30","42","35"
"2018043","2018","043","2018-04-24","33","21","41","20","12","28","9"
"2018044","2018","044","2018-04-26","20","45","8","35","12","33","42"
"2018045","2018","045","2018-04-28","21","18","15","17","2","44","14"
"2018046","2018","046","2018-05-01","21","25","20","10","1","5","43"
"2018047","2018","047","2018-05-03","31","12","34","32","24","30","41"
"2018048","2018","048","2018-05-05","24","44","45","3","40","49","8"
"2018049","2018","049","2018-05-08","31","18","28","3","40","14","38"
"2018050","2018","050","2018-05-10","12","19","31","49","36","25","11"
"2018051","2018","051","2018-05-13","19","9","21","6","23","1","43"
"2018052","2018","052","2018-05-15","9","44","8","5","19","32","39"
"2018053","2018","053","2018-05-17","23","3","30","16","43","46","26"
"2018054","2018","054","2018-05-19","36","29","37","23","47","14","25"
"2018055","2018","055","2018-05-22","31","22","12","33","7","14","38"
"2018056","2018","056","2018-05-24","7","13","11","5","4","12","18"
"2018057","2018","057","2018-05-26","12","1","44","22","42","40","28"
"2018058","2018","058","2018-05-29","22","11","45","3","6","46","1"
"2018059","2018","059","2018-05-31","40","28","33","49","5","3","32"
"2018060","2018","060","2018-06-02","15","33","30","4","38","41","16"
"2018061","2018","061","2018-06-05","24","34","45","6","40","10","9"
"2018062","2018","062","2018-06-07","43","32","38","5","36","34","25"
"2018063","2018","063","2018-06-09","41","49","35","23","46","11","47"
"2018064","2018","064","2018-06-12","31","30","40","42","34","41","33"
"2018065","2018","065","2018-06-14","2","10","24","35","39","28","27"
"2018066","2018","066","2018-06-17","48","20","1","7","21","35","22"
"2018067","2018","067","2018-06-19","7","42","2","31","21","33","24"
"2018068","2018","068","2018-06-21","33","16","31","24","23","34","18"
"2018069","2018","069","2018-06-23","16","46","18","2","9","24","47"
"2018070","2018","070","2018-06-26","8","17","7","42","12","33","26"
"2018071","2018","071","2018-06-28","6","45","38","29","23","13","41"
"2018072","2018","072","2018-06-30","16","6","5","30","18","32","27"
"2018073","2018","073","2018-07-03","22","49","3","45","21","41","10"
"2018074","2018","074","2018-07-05","34","40","13","1","38","20","29"
"2018075","2018","075","2018-07-07","8","40","26","46","20","17","19"
"2018076","2018","076","2018-07-10","8","49","6","41","29","38","2"
"2018077","2018","077","2018-07-12","5","8","1","7","30","33","22"
"2018078","2018","078","2018-07-14","33","13","7","36","22","27","45"
"2018079","2018","079","2018-07-17","41","6","36","48","10","32","47"
"2018080","2018","080","2018-07-19","25","42","12","16","23","40","20"
"2018081","2018","081","2018-07-21","37","14","15","13","44","38","40"
"2018082","2018","082","2018-07-24","37","32","17","27","16","2","12"
"2018083","2018","083","2018-07-26","37","46","49","32","44","22","38"
"2018084","2018","084","2018-07-28","43","11","7","26","5","30","17"
"2018085","2018","085","2018-07-31","36","43","46","24","27","44","30"
"2018086","2018","086","2018-08-02","5","11","35","34","45","3","28"
"2018087","2018","087","2018-08-04","37","34","4","23","15","48","30"
"2018088","2018","088","2018-08-07","21","46","47","4","39","25","12"
"2018089","2018","089","2018-08-09","10","8","34","11","20","21","13"
"2018090","2018","090","2018-08-11","49","47","11","1","25","38","37"
"2018091","2018","091","2018-08-14","38","49","37","32","43","42","24"
"2018092","2018","092","2018-08-16","41","27","9","29","16","13","37"
"2018093","2018","093","2018-08-18","2","47","14","42","37","24","20"
"2018094","2018","094","2018-08-21","40","3","10","47","28","18","4"
"2018095","2018","095","2018-08-23","14","38","12","30","22","44","34"
"2018096","2018","096","2018-08-25","4","3","48","28","31","19","27"
"2018097","2018","097","2018-08-28","26","46","18","30","36","9","2"
"2018098","2018","098","2018-08-30","44","23","21","15","4","46","13"
"2018099","2018","099","2018-09-01","10","20","45","35","26","13","37"
"2018100","2018","100","2018-09-04","44","5","36","47","4","33","13"
"2018101","2018","101","2018-09-06","30","49","26","38","17","33","47"
"2018102","2018","102","2018-09-08","41","46","7","9","12","18","33"
"2018103","2018","103","2018-09-11","38","45","47","31","49","36","37"
"2018104","2018","104","2018-09-13","14","20","41","39","22","48","35"
"2018105","2018","105","2018-09-15","6","4","48","11","37","33","41"
"2018106","2018","106","2018-09-18","11","18","32","23","48","9","26"
"2018107","2018","107","2018-09-20","17","6","40","26","41","5","46"
"2018108","2018","108","2018-09-23","40","32","21","2","23","13","30"
"2018109","2018","109","2018-09-25","14","20","22","24","5","48","4"
"2018110","2018","110","2018-09-27","48","49","17","14","30","46","36"
"2018111","2018","111","2018-09-29","38","31","37","34","35","9","16"
"2018112","2018","112","2018-10-02","13","49","28","18","23","33","19"
"2018113","2018","113","2018-10-04","34","35","45","19","13","46","27"
"2018114","2018","114","2018-10-06","49","35","39","44","10","2","8"
"2018115","2018","115","2018-10-09","45","18","44","7","27","9","15"
"2018116","2018","116","2018-10-11","42","19","29","7","39","9","41"
"2018117","2018","117","2018-10-14","43","24","8","34","21","14","1"
"2018118","2018","118","2018-10-16","45","7","11","19","46","32","37"
"2018119","2018","119","2018-10-20","22","42","13","25","10","40","5"
"2018120","2018","120","2018-10-23","36","44","17","20","34","6","15"
"2018121","2018","121","2018-10-25","20","25","27","29","6","13","21"
"2018122","2018","122","2018-10-27","45","1","15","5","39","47","43"
"2018123","2018","123","2018-10-30","10","42","34","4","7","22","38"
"2018124","2018","124","2018-11-01","32","16","9","15","13","20","12"
"2018125","2018","125","2018-11-03","44","19","24","38","39","4","46"
"2018126","2018","126","2018-11-06","1","8","23","46","47","22","12"
"2018127","2018","127","2018-11-08","16","9","47","24","40","22","17"
"2018128","2018","128","2018-11-11","26","44","24","49","6","36","8"
"2018129","2018","129","2018-11-13","37","8","34","35","22","30","29"
"2018130","2018","130","2018-11-15","29","40","41","32","2","10","44"
"2018131","2018","131","2018-11-17","5","43","9","14","42","12","45"
"2018132","2018","132","2018-11-20","14","4","35","12","17","29","38"
"2018133","2018","133","2018-11-22","22","26","16","48","18","15","34"
"2018134","2018","134","2018-11-24","25","34","3","30","13","8","32"
"2018135","2018","135","2018-11-27","15","29","27","38","8","7","39"
"2018136","2018","136","2018-11-29","14","43","34","31","36","25","35"
"2018137","2018","137","2018-12-01","2","39","29","38","20","32","47"
"2018138","2018","138","2018-12-04","8","31","11","14","20","22","19"
"2018139","2018","139","2018-12-06","20","32","40","46","8","44","34"
"2018140","2018","140","2018-12-08","40","27","45","48","29","20","43"
"2018141","2018","141","2018-12-11","33","8","42","7","10","20","22"
"2018142","2018","142","2018-12-13","21","15","1","23","33","24","39"
"2018143","2018","143","2018-12-15","5","37","33","36","30","10","22"
"2018144","2018","144","2018-12-18","33","10","1","13","11","30","45"
"2018145","2018","145","2018-12-20","12","13","7","8","4","26","42"
"2018146","2018","146","2018-12-22","20","49","48","46","33","7","4"
"2018147","2018","147","2018-12-25","32","16","47","2","14","41","23"
"2018148","2018","148","2018-12-27","4","35","17","1","22","23","37"
"2018149","2018","149","2018-12-30","33","6","46","13","7","35","43"
"2019001","2019","001","2019-01-03","25","23","45","30","8","32","24"
"2019002","2019","002","2019-01-05","23","13","19","45","16","12","2"
"2019003","2019","003","2019-01-08","40","4","23","5","12","30","10"
"2019004","2019","004","2019-01-10","7","31","28","6","36","43","23"
"2019005","2019","005","2019-01-13","35","48","18","37","49","10","27"
"2019006","2019","006","2019-01-15","44","33","16","17","10","48","7"
"2019007","2019","007","2019-01-17","16","18","28","35","41","36","37"
"2019008","2019","008","2019-01-19","34","47","24","13","31","44","8"
"2019009","2019","009","2019-01-22","30","33","3","19","25","48","44"
"2019010","2019","010","2019-01-24","46","41","18","33","43","11","36"
"2019011","2019","011","2019-01-26","46","14","45","41","27","29","21"
"2019012","2019","012","2019-01-29","14","45","3","10","24","32","29"
"2019013","2019","013","2019-02-02","22","26","31","33","41","18","27"
"2019014","2019","014","2019-02-03","5","35","13","6","34","19","39"
"2019015","2019","015","2019-02-06","15","19","4","29","2","11","1"
"2019016","2019","016","2019-02-09","1","34","39","49","19","29","43"
"2019017","2019","017","2019-02-12","40","9","26","17","32","31","27"
"2019018","2019","018","2019-02-14","46","5","43","8","20","16","11"
"2019019","2019","019","2019-02-16","3","8","17","19","7","23","12"
"2019020","2019","020","2019-02-19","33","16","8","13","5","2","41"
"2019021","2019","021","2019-02-21","39","36","16","49","29","42","34"
"2019022","2019","022","2019-02-23","14","49","15","33","13","21","1"
"2019023","2019","023","2019-02-26","19","12","13","9","21","46","15"
"2019024","2019","024","2019-02-28","43","30","24","25","22","32","11"
"2019025","2019","025","2019-03-03","24","44","26","47","35","21","8"
"2019026","2019","026","2019-03-05","16","49","34","32","28","10","45"
"2019027","2019","027","2019-03-07","15","8","17","23","39","44","40"
"2019028","2019","028","2019-03-09","13","32","46","34","41","35","30"
"2019029","2019","029","2019-03-12","33","38","47","27","6","21","46"
"2019030","2019","030","2019-03-14","28","40","10","4","43","25","39"
"2019031","2019","031","2019-03-16","9","12","31","23","5","43","29"
"2019032","2019","032","2019-03-19","40","38","18","46","23","4","15"
"2019033","2019","033","2019-03-21","12","32","37","45","7","22","47"
"2019034","2019","034","2019-03-23","15","39","10","11","49","46","21"
"2019035","2019","035","2019-03-26","21","3","2","31","10","35","11"
"2019036","2019","036","2019-03-28","44","41","5","3","23","17","40"
"2019037","2019","037","2019-03-30","37","39","49","15","17","18","31"
"2019038","2019","038","2019-04-02","15","21","6","24","28","10","49"
"2019039","2019","039","2019-04-04","42","44","29","34","38","47","36"
"2019040","2019","040","2019-04-06","41","37","21","45","34","8","49"
"2019041","2019","041","2019-04-09","14","32","43","17","23","3","36"
"2019042","2019","042","2019-04-11","6","38","32","18","41","45","33"
"2019043","2019","043","2019-04-13","40","22","15","35","49","3","39"
"2019044","2019","044","2019-04-16","30","11","20","32","43","33","34"
"2019045","2019","045","2019-04-20","37","32","30","47","39","28","23"
"2019046","2019","046","2019-04-25","21","11","28","34","18","13","19"
"2019047","2019","047","2019-04-27","21","8","14","2","35","32","4"
"2019048","2019","048","2019-04-30","45","49","43","29","1","32","5"
"2019049","2019","049","2019-05-02","19","6","23","1","45","47","49"
"2019050","2019","050","2019-05-04","24","19","13","35","6","20","43"
"2019051","2019","051","2019-05-07","44","12","39","6","35","42","22"
"2019052","2019","052","2019-05-09","29","5","4","32","24","3","2"
"2019053","2019","053","2019-05-14","12","30","41","10","14","37","5"
"2019054","2019","054","2019-05-16","38","37","4","7","23","1","34"
"2019055","2019","055","2019-05-19","9","41","2","1","16","30","35"
"2019056","2019","056","2019-05-21","4","7","21","35","41","24","18"
"2019057","2019","057","2019-05-23","43","13","11","17","33","14","27"
"2019058","2019","058","2019-05-25","14","30","40","48","23","12","1"
"2019059","2019","059","2019-05-28","37","49","42","29","45","22","47"
"2019060","2019","060","2019-05-30","16","15","31","36","46","12","3"
"2019061","2019","061","2019-06-01","19","3","13","43","35","23","26"
"2019062","2019","062","2019-06-04","16","24","21","28","37","40","48"
"2019063","2019","063","2019-06-06","21","24","47","6","32","13","38"
"2019064","2019","064","2019-06-09","24","3","27","49","28","8","44"
"2019065","2019","065","2019-06-11","25","19","8","37","20","21","13"
"2019066","2019","066","2019-06-13","3","31","33","21","38","6","45"
"2019067","2019","067","2019-06-15","42","30","17","44","8","7","24"
"2019068","2019","068","2019-06-18","48","23","29","35","26","18","36"
"2019069","2019","069","2019-06-20","15","25","11","9","33","21","46"
"2019070","2019","070","2019-06-22","29","33","13","30","47","43","16"
"2019071","2019","071","2019-06-25","29","46","25","32","40","23","13"
"2019072","2019","072","2019-06-27","20","46","47","12","42","33","27"
"2019073","2019","073","2019-06-29","29","13","46","9","31","22","45"
"2019074","2019","074","2019-07-02","45","14","15","42","13","48","2"
"2019075","2019","075","2019-07-04","44","15","1","24","2","12","14"
"2019076","2019","076","2019-07-06","42","11","28","8","10","7","29"
"2019077","2019","077","2019-07-09","5","31","42","20","39","3","25"
"2019078","2019","078","2019-07-11","49","3","26","6","32","27","29"
"2019079","2019","079","2019-07-13","32","14","12","46","38","35","16"
"2019080","2019","080","2019-07-16","28","6","16","22","37","45","13"
"2019081","2019","081","2019-07-18","17","2","4","11","8","31","19"
"2019082","2019","082","2019-07-20","47","26","27","44","33","30","37"
"2019083","2019","083","2019-07-23","25","38","42","19","39","14","46"
"2019084","2019","084","2019-07-25","16","10","7","18","35","11","43"
"2019085","2019","085","2019-07-27","14","45","4","24","39","19","8"
"2019086","2019","086","2019-07-30","3","22","44","19","16","41","29"
"2019087","2019","087","2019-08-01","21","20","13","43","49","18","30"
"2019088","2019","088","2019-08-03","24","28","43","27","23","37","16"
"2019089","2019","089","2019-08-06","6","21","37","22","15","5","36"
"2019090","2019","090","2019-08-08","19","30","8","44","25","9","37"
"2019091","2019","091","2019-08-10","48","49","44","22","15","42","6"
"2019092","2019","092","2019-08-13","29","14","30","16","10","43","11"
"2019093","2019","093","2019-08-15","13","2","38","23","35","46","17"
"2019094","2019","094","2019-08-17","32","44","4","9","26","20","11"
"2019095","2019","095","2019-08-20","12","32","23","35","16","15","2"
"2019096","2019","096","2019-08-22","6","42","1","5","4","43","8"
"2019097","2019","097","2019-08-24","1","31","47","21","49","10","13"
"2019098","2019","098","2019-08-27","6","29","18","33","43","46","16"
"2019099","2019","099","2019-08-29","38","26","24","44","8","37","18"
"2019100","2019","100","2019-08-31","14","32","44","6","24","1","5"
"2019101","2019","101","2019-09-03","2","27","24","39","8","17","10"
"2019102","2019","102","2019-09-05","4","44","29","3","18","41","39"
"2019103","2019","103","2019-09-07","8","43","7","25","45","12","13"
"2019104","2019","104","2019-09-10","43","49","12","28","13","11","47"
"2019105","2019","105","2019-09-12","33","25","24","23","5","31","7"
"2019106","2019","106","2019-09-14","28","7","19","4","12","1","43"
"2019107","2019","107","2019-09-17","12","26","20","30","22","36","2"
"2019108","2019","108","2019-09-19","44","8","17","42","39","34","7"
"2019109","2019","109","2019-09-22","42","28","39","44","3","40","37"
"2019110","2019","110","2019-09-24","6","44","17","49","46","45","41"
"2019111","2019","111","2019-09-26","3","27","20","46","11","2","4"
"2019112","2019","112","2019-09-29","48","7","2","18","10","3","33"
"2019113","2019","113","2019-10-03","12","19","13","15","45","1","44"
"2019114","2019","114","2019-10-08","23","36","43","35","47","13","16"
"2019115","2019","115","2019-10-13","10","37","27","42","29","16","44"
"2019116","2019","116","2019-10-17","19","18","45","21","14","47","49"
"2019117","2019","117","2019-10-19","22","6","44","19","42","1","25"
"2019118","2019","118","2019-10-22","31","11","1","41","47","6","32"
"2019119","2019","119","2019-10-24","10","16","23","27","7","34","24"
"2019120","2019","120","2019-10-26","49","24","17","30","40","1","48"
"2019121","2019","121","2019-10-29","20","19","13","2","10","24","17"
"2019122","2019","122","2019-11-02","13","25","15","46","30","40","26"
"2019123","2019","123","2019-11-07","33","34","20","30","7","44","46"
"2019124","2019","124","2019-11-10","18","6","23","46","31","17","44"
"2019125","2019","125","2019-11-14","3","13","31","49","2","18","14"
"2019126","2019","126","2019-11-16","23","47","28","44","39","10","13"
"2019127","2019","127","2019-11-19","1","24","13","12","42","4","48"
"2019128","2019","128","2019-11-21","3","5","10","35","38","4","7"
"2019129","2019","129","2019-11-24","46","28","20","35","1","30","15"
"2019130","2019","130","2019-11-26","42","25","45","15","5","9","38"
"2019131","2019","131","2019-11-28","22","23","36","41","29","44","2"
"2019132","2019","132","2019-11-30","10","40","1","49","24","18","7"
"2019133","2019","133","2019-12-03","15","23","45","1","47","29","6"
"2019134","2019","134","2019-12-05","2","23","31","16","6","8","1"
"2019135","2019","135","2019-12-07","47","25","30","26","14","32","4"
"2019136","2019","136","2019-12-10","11","35","28","6","12","5","17"
"2019137","2019","137","2019-12-12","32","39","49","21","35","6","15"
"2019138","2019","138","2019-12-14","2","8","28","4","6","29","5"
"2019139","2019","139","2019-12-17","41","34","30","23","20","3","47"
"2019140","2019","140","2019-12-19","35","31","22","24","39","28","12"
"2019141","2019","141","2019-12-22","11","24","26","22","41","42","2"
"2019142","2019","142","2019-12-24","23","11","30","14","32","5","20"
"2019143","2019","143","2019-12-28","27","25","36","31","22","1","47"
"2019144","2019","144","2019-12-31","28","10","18","20","5","33","17"
